[{"model": "contenttypes.contenttype", "pk": 1, "fields": {"app_label": "admin", "model": "logentry"}}, {"model": "contenttypes.contenttype", "pk": 2, "fields": {"app_label": "auth", "model": "permission"}}, {"model": "contenttypes.contenttype", "pk": 3, "fields": {"app_label": "auth", "model": "group"}}, {"model": "contenttypes.contenttype", "pk": 4, "fields": {"app_label": "auth", "model": "user"}}, {"model": "contenttypes.contenttype", "pk": 5, "fields": {"app_label": "contenttypes", "model": "contenttype"}}, {"model": "contenttypes.contenttype", "pk": 6, "fields": {"app_label": "sessions", "model": "session"}}, {"model": "contenttypes.contenttype", "pk": 7, "fields": {"app_label": "user", "model": "resume"}}, {"model": "contenttypes.contenttype", "pk": 8, "fields": {"app_label": "user", "model": "user"}}, {"model": "contenttypes.contenttype", "pk": 9, "fields": {"app_label": "demand", "model": "apply"}}, {"model": "contenttypes.contenttype", "pk": 10, "fields": {"app_label": "demand", "model": "post"}}, {"model": "contenttypes.contenttype", "pk": 11, "fields": {"app_label": "demand", "model": "postlabel"}}, {"model": "contenttypes.contenttype", "pk": 12, "fields": {"app_label": "demand", "model": "applylabel"}}, {"model": "sessions.session", "pk": "0xadkp8fpg1v173h3hb2nrfwi9ujdvrq", "fields": {"session_data": "YjllYTBhZjg5ZmNkNDA2OWU1NTM1NDkxNDUzOWU0OGU4YjFhMzkxZDp7Il9hdXRoX3VzZXJfaWQiOiIxIiwiX2F1dGhfdXNlcl9iYWNrZW5kIjoiZGphbmdvLmNvbnRyaWIuYXV0aC5iYWNrZW5kcy5Nb2RlbEJhY2tlbmQiLCJfYXV0aF91c2VyX2hhc2giOiJhZjNjNGExM2ZjZTA3MTE1YzZjNDViNGRjMWI2YTAwM2U1NjMxOTM5In0=", "expire_date": "2019-06-06T08:21:49.632"}}, {"model": "sessions.session", "pk": "hdn4pbpnmvoffivwynl53drmw2gu2f3f", "fields": {"session_data": "YjllYTBhZjg5ZmNkNDA2OWU1NTM1NDkxNDUzOWU0OGU4YjFhMzkxZDp7Il9hdXRoX3VzZXJfaWQiOiIxIiwiX2F1dGhfdXNlcl9iYWNrZW5kIjoiZGphbmdvLmNvbnRyaWIuYXV0aC5iYWNrZW5kcy5Nb2RlbEJhY2tlbmQiLCJfYXV0aF91c2VyX2hhc2giOiJhZjNjNGExM2ZjZTA3MTE1YzZjNDViNGRjMWI2YTAwM2U1NjMxOTM5In0=", "expire_date": "2019-05-22T23:02:00.319"}}, {"model": "sessions.session", "pk": "hiswe9o0t4277rbd5fp1rknwfa3jctvo", "fields": {"session_data": "YjllYTBhZjg5ZmNkNDA2OWU1NTM1NDkxNDUzOWU0OGU4YjFhMzkxZDp7Il9hdXRoX3VzZXJfaWQiOiIxIiwiX2F1dGhfdXNlcl9iYWNrZW5kIjoiZGphbmdvLmNvbnRyaWIuYXV0aC5iYWNrZW5kcy5Nb2RlbEJhY2tlbmQiLCJfYXV0aF91c2VyX2hhc2giOiJhZjNjNGExM2ZjZTA3MTE1YzZjNDViNGRjMWI2YTAwM2U1NjMxOTM5In0=", "expire_date": "2019-06-05T21:51:55.550"}}, {"model": "sessions.session", "pk": "kceoc3ogsib6olr7742fmn3w00ik5wrf", "fields": {"session_data": "MzIxYzI2YWY0ZjdiOTU1NWFlZWM0Y2NjYWEwYzY0MTQxZjM5ZTU5Zjp7Il9hdXRoX3VzZXJfaWQiOiIxIiwiX2F1dGhfdXNlcl9iYWNrZW5kIjoiZGphbmdvLmNvbnRyaWIuYXV0aC5iYWNrZW5kcy5Nb2RlbEJhY2tlbmQiLCJfYXV0aF91c2VyX2hhc2giOiI4NWQ0MjViMTQzNzQzYTIwMGQzOTRmYzA3YzM3N2MyYzMyZDY5ZTBkIn0=", "expire_date": "2019-05-21T22:13:55.484"}}, {"model": "sessions.session", "pk": "oasw0ykityuuskv8xararefam6hupni5", "fields": {"session_data": "YjllYTBhZjg5ZmNkNDA2OWU1NTM1NDkxNDUzOWU0OGU4YjFhMzkxZDp7Il9hdXRoX3VzZXJfaWQiOiIxIiwiX2F1dGhfdXNlcl9iYWNrZW5kIjoiZGphbmdvLmNvbnRyaWIuYXV0aC5iYWNrZW5kcy5Nb2RlbEJhY2tlbmQiLCJfYXV0aF91c2VyX2hhc2giOiJhZjNjNGExM2ZjZTA3MTE1YzZjNDViNGRjMWI2YTAwM2U1NjMxOTM5In0=", "expire_date": "2019-05-22T03:46:50.777"}}, {"model": "sessions.session", "pk": "uf56w90d2qt90upi71uirykwjnwzsof4", "fields": {"session_data": "YjllYTBhZjg5ZmNkNDA2OWU1NTM1NDkxNDUzOWU0OGU4YjFhMzkxZDp7Il9hdXRoX3VzZXJfaWQiOiIxIiwiX2F1dGhfdXNlcl9iYWNrZW5kIjoiZGphbmdvLmNvbnRyaWIuYXV0aC5iYWNrZW5kcy5Nb2RlbEJhY2tlbmQiLCJfYXV0aF91c2VyX2hhc2giOiJhZjNjNGExM2ZjZTA3MTE1YzZjNDViNGRjMWI2YTAwM2U1NjMxOTM5In0=", "expire_date": "2019-05-22T23:11:25.497"}}, {"model": "sessions.session", "pk": "vlk69bydd0qymdmy1a0eleusgfub0bgp", "fields": {"session_data": "YjllYTBhZjg5ZmNkNDA2OWU1NTM1NDkxNDUzOWU0OGU4YjFhMzkxZDp7Il9hdXRoX3VzZXJfaWQiOiIxIiwiX2F1dGhfdXNlcl9iYWNrZW5kIjoiZGphbmdvLmNvbnRyaWIuYXV0aC5iYWNrZW5kcy5Nb2RlbEJhY2tlbmQiLCJfYXV0aF91c2VyX2hhc2giOiJhZjNjNGExM2ZjZTA3MTE1YzZjNDViNGRjMWI2YTAwM2U1NjMxOTM5In0=", "expire_date": "2019-05-22T17:55:29.899"}}, {"model": "user.user", "pk": 1, "fields": {"account": "oD6_y5O8XD3IJBih5bEfTejEx0Go", "password": "", "name": "\u4f20\u64e6", "age": 0, "student_id": "", "sex": "", "major": "", "grade": "", "resume": 1, "c_time": "2019-05-07T22:35:49.756", "open_id": "oD6_y5O8XD3IJBih5bEfTejEx0Go", "avatar_url": "https://wx.qlogo.cn/mmopen/vi_32/Q0j4TwGTfTLicy0x4gnyq5rEPvbfINTQCNJPML2OBT8J40ibwClYibACib0sYek8Fg70Qp3MGhdGhDRoCfDXLv4pCA/132"}}, {"model": "user.user", "pk": 3, "fields": {"account": "admin999", "password": "3387b3486150cb85a19929984a4f8156", "name": "Admin", "age": 0, "student_id": "", "sex": "", "major": "", "grade": "", "resume": 7, "c_time": "2019-05-08T22:55:01.138", "open_id": "", "avatar_url": "https://wx.qlogo.cn/mmopen/vi_32/Q0j4TwGTfTLicy0x4gnyq5rEPvbfINTQCNJPML2OBT8J40ibwClYibACib0sYek8Fg70Qp3MGhdGhDRoCfDXLv4pCA/132"}}, {"model": "user.user", "pk": 4, "fields": {"account": "oD6_y5CP3fd4q__hidalJH3sRN4A", "password": "", "name": "BYW", "age": 0, "student_id": "", "sex": "", "major": "", "grade": "", "resume": 3, "c_time": "2019-05-10T15:46:51.179", "open_id": "oD6_y5CP3fd4q__hidalJH3sRN4A", "avatar_url": "https://wx.qlogo.cn/mmopen/vi_32/DYAIOgq83ep5QvVCatq1icHmN1whvMy2QBWjL6otsUQdW31AK6Bqdanu9JVnWUNeLESDAzN5o13ohpvKmC1wqXw/132"}}, {"model": "user.user", "pk": 5, "fields": {"account": "aaaa", "password": "", "name": "\u662f", "age": 0, "student_id": "1566", "sex": "\u7537", "major": "\u72d7\u513f\u54e6\u53bb\u6c42\u94f6\u8272\u7834\u76ae", "grade": "", "resume": 11, "c_time": "2019-05-11T22:25:59.302", "open_id": "oD6_y5MSDTN3nmJe4U9GFt3a2QzY", "avatar_url": "https://wx.qlogo.cn/mmopen/vi_32/heElX0WwS2ZhiarzZccXrPfibIEeLt4tw4ia7X5F0TUctxH60UgjBkP9aBe2nGkTRa8k9LsgyEqontQZUy1JJ9icAQ/132"}}, {"model": "user.user", "pk": 6, "fields": {"account": "hgjjn", "password": "62bfcc08f1b49605a628d0f8ca7c8e73", "name": "", "age": 0, "student_id": "", "sex": "", "major": "", "grade": "", "resume": 13, "c_time": "2019-05-21T15:22:08.052", "open_id": "", "avatar_url": ""}}, {"model": "user.user", "pk": 7, "fields": {"account": "admin111", "password": "3387b3486150cb85a19929984a4f8156", "name": "Admin", "age": 1, "student_id": "16060000", "sex": "male", "major": "CS", "grade": "one", "resume": 24, "c_time": "2019-05-23T08:25:57.372", "open_id": "", "avatar_url": "img/avatar/default.jpg"}}, {"model": "user.user", "pk": 8, "fields": {"account": "cookize", "password": "51c2524e02007c74c963f2c825ca8395", "name": "", "age": 0, "student_id": "", "sex": "", "major": "", "grade": "", "resume": null, "c_time": "2019-05-23T13:02:33.490", "open_id": "", "avatar_url": "img/avatar/default.jpg"}}, {"model": "user.user", "pk": 9, "fields": {"account": "lqh123", "password": "", "name": "\u5218\u542f\u822a", "age": 0, "student_id": "", "sex": "", "major": "", "grade": "", "resume": 25, "c_time": "2019-05-23T13:46:37.896", "open_id": "oD6_y5BvfwQBMK0JHTCfYBBSqXwA", "avatar_url": "https://wx.qlogo.cn/mmopen/vi_32/DYAIOgq83eq7pdTvibngu8icaBRaMhR7AYKQUpTuoX6eLicSbic7wTR8xKGaV8NoLOCZrgtFUT8wpiaib4yLMNkiaichaw/132"}}, {"model": "user.user", "pk": 10, "fields": {"account": "oD6_y5I8h-WTEa1TFXx4Gw1TUETE", "password": "", "name": "LX", "age": 0, "student_id": "", "sex": "", "major": "", "grade": "", "resume": 26, "c_time": "2019-05-23T15:19:52.206", "open_id": "oD6_y5I8h-WTEa1TFXx4Gw1TUETE", "avatar_url": "https://wx.qlogo.cn/mmopen/vi_32/d9luPicNpKSVvkclPMaQBkeAwL6uPjfib0RUGiajWxibwpKVuphZTSp9cVl9Tz8pJRKYDrx8wTOTicDPbUwpr2J9biag/132"}}, {"model": "user.user", "pk": 11, "fields": {"account": "lqh1111", "password": "e5c9958ea52237cf72aa9244b817c91c", "name": "", "age": 0, "student_id": "", "sex": "", "major": "", "grade": "", "resume": null, "c_time": "2019-05-23T16:44:29.289", "open_id": "", "avatar_url": "img/avatar/default.jpg"}}, {"model": "user.user", "pk": 12, "fields": {"account": "lqhsss", "password": "62bfcc08f1b49605a628d0f8ca7c8e73", "name": "", "age": 0, "student_id": "", "sex": "", "major": "", "grade": "", "resume": 27, "c_time": "2019-05-23T16:50:48.978", "open_id": "", "avatar_url": "img/avatar/default.jpg"}}, {"model": "user.user", "pk": 13, "fields": {"account": "oD6_y5CuW-mmHrFtyOuIvq8ulvO8", "password": "", "name": "\u9648\u4f73\u67cf", "age": 0, "student_id": "", "sex": "", "major": "", "grade": "", "resume": 30, "c_time": "2019-05-23T18:12:26.112", "open_id": "oD6_y5CuW-mmHrFtyOuIvq8ulvO8", "avatar_url": "https://wx.qlogo.cn/mmhead/5ywQ6G4MbLmWVoXvJV9dmJglRXDQia2bjEwAibU8X9Cf8/132"}}, {"model": "user.user", "pk": 14, "fields": {"account": "Admin", "password": "", "name": "\u86e4\u86e4", "age": 0, "student_id": "", "sex": "", "major": "", "grade": "", "resume": 31, "c_time": "2019-05-23T19:24:57.025", "open_id": "oD6_y5F2_cXqIx0EIo10W3BWLCg4", "avatar_url": "https://wx.qlogo.cn/mmopen/vi_32/EA4tHFH7Tvp2xicm5SZYt38SpEZFTPZHswYgHZdnrUCgPohKW0axkEhtC2BL7AKOXfKAiaNomAmhIc3r4kfzonxg/132"}}, {"model": "user.user", "pk": 15, "fields": {"account": "oD6_y5CorG-dNRJr5NggrpDfkLCE", "password": "", "name": "\ud83c\udf1fDarlin", "age": 0, "student_id": "", "sex": "", "major": "", "grade": "", "resume": 34, "c_time": "2019-05-23T20:55:16.143", "open_id": "oD6_y5CorG-dNRJr5NggrpDfkLCE", "avatar_url": "https://wx.qlogo.cn/mmopen/vi_32/Q0j4TwGTfTJlCowCS9uHDL0akfGbbye2OSMZ8PzxIncCtKlYN6na7j76s0dKo0ibD3axPArTzu3za573rhxUXqA/132"}}, {"model": "user.user", "pk": 16, "fields": {"account": "oD6_y5Oo1DR7EpSYSq5UglG9eCTs", "password": "", "name": "\u4f59\u5bb8\u72c4", "age": 0, "student_id": "", "sex": "", "major": "", "grade": "", "resume": null, "c_time": "2019-05-24T13:24:14.105", "open_id": "oD6_y5Oo1DR7EpSYSq5UglG9eCTs", "avatar_url": "https://wx.qlogo.cn/mmopen/vi_32/EuUvoleln6VRKHH9EtcPzugKFicAOOVyTic3QtqB0mVO0eJAjOibJBQQJGchdktcRbEpr1Vmx41AHRVvsicoPxT8KA/132"}}, {"model": "user.user", "pk": 17, "fields": {"account": "oD6_y5DCYzOMuv_IC_HfqU63YiBE", "password": "", "name": "\u7c73\u7c73", "age": 0, "student_id": "", "sex": "", "major": "", "grade": "", "resume": null, "c_time": "2019-05-24T17:31:53.125", "open_id": "oD6_y5DCYzOMuv_IC_HfqU63YiBE", "avatar_url": "https://wx.qlogo.cn/mmopen/vi_32/Q0j4TwGTfTJcgj5C9eTPmPAIhIibgHWo9oVgQP3mhLto2mIeb4qL3B0BkqTBYOPNTBIcxTnb9V6B4SAJsibZLv2w/132"}}, {"model": "user.user", "pk": 18, "fields": {"account": "oD6_y5KhjCO7W1x_vrDpCEShHPhg", "password": "", "name": "\u5218\u8bd7\u5a77", "age": 0, "student_id": "", "sex": "", "major": "", "grade": "", "resume": 36, "c_time": "2019-05-24T17:41:07.083", "open_id": "oD6_y5KhjCO7W1x_vrDpCEShHPhg", "avatar_url": "https://wx.qlogo.cn/mmhead/Uu9ooRGYPib7Wq4RDRWsHYau18MVglxY26ZglEJXkia48/132"}}, {"model": "user.user", "pk": 19, "fields": {"account": "oD6_y5IjOBmTc0jqJzWVPAOL1P5w", "password": "", "name": "11", "age": 0, "student_id": "", "sex": "", "major": "", "grade": "", "resume": 38, "c_time": "2019-05-24T22:06:53.525", "open_id": "oD6_y5IjOBmTc0jqJzWVPAOL1P5w", "avatar_url": "https://wx.qlogo.cn/mmopen/vi_32/rZzBuibyEJZWbUdSGXFFMyPh9IwlJErpjYmAun6681BHhvonibpaQDfNAH409dg8EaF99kRhYUR3atlIUMltzlcw/132"}}, {"model": "user.user", "pk": 20, "fields": {"account": "wbbb", "password": "", "name": "paradox", "age": 17, "student_id": "16061662", "sex": "\u5973", "major": "\u8ba1\u7b97\u673a", "grade": "16", "resume": 41, "c_time": "2019-05-24T22:27:10.440", "open_id": "oD6_y5GlUsjI7J52HwuLHtVUK7_g", "avatar_url": "https://wx.qlogo.cn/mmopen/vi_32/3SdF115AN3sdgPyx8TXEibtUySvtVLVpanzDu0vW0Dqoiad1ItDZq6TNRbzribejmDNl0S9WtDf8TYuXdjITjEDTw/132"}}, {"model": "user.user", "pk": 21, "fields": {"account": "oD6_y5Kiji6OVvY_WRl4Tl4PVKy8", "password": "", "name": "\u5218\u7b71\u82b8", "age": 0, "student_id": "", "sex": "", "major": "", "grade": "", "resume": 47, "c_time": "2019-05-25T00:30:36.407", "open_id": "oD6_y5Kiji6OVvY_WRl4Tl4PVKy8", "avatar_url": "https://wx.qlogo.cn/mmhead/gbSgfQp2dr1PKbfWYsrbE6k0xYEOicaoic8t7t9rSV2Mc/132"}}, {"model": "user.user", "pk": 22, "fields": {"account": "oD6_y5Ad9dHeqInH4Lbgy-3TaYCc", "password": "", "name": "\u738b\u4f69\u6021", "age": 0, "student_id": "", "sex": "", "major": "", "grade": "", "resume": null, "c_time": "2019-05-25T14:47:58.824", "open_id": "oD6_y5Ad9dHeqInH4Lbgy-3TaYCc", "avatar_url": "https://wx.qlogo.cn/mmhead/ic6ToqW5vMQBGI7S7hewIxhoubG5mg9jhsibaPROicHtBo/132"}}, {"model": "user.user", "pk": 23, "fields": {"account": "oD6_y5Nm59r1sSE4KKR99L0VYq1Y", "password": "", "name": "\u5434\u5b5f\u96ef", "age": 0, "student_id": "", "sex": "", "major": "", "grade": "", "resume": 50, "c_time": "2019-05-25T14:54:40.474", "open_id": "oD6_y5Nm59r1sSE4KKR99L0VYq1Y", "avatar_url": "https://wx.qlogo.cn/mmhead/CLckM9yllDING3AzMIeTGYpDsCF5daM6F5NGRXVzMXY/132"}}, {"model": "user.user", "pk": 24, "fields": {"account": "oD6_y5NkDm5uwOQj1BKytAfVBXCs", "password": "", "name": "\u5362\u667a\u5c27", "age": 0, "student_id": "", "sex": "", "major": "", "grade": "", "resume": null, "c_time": "2019-05-26T10:16:41.776", "open_id": "oD6_y5NkDm5uwOQj1BKytAfVBXCs", "avatar_url": "https://wx.qlogo.cn/mmhead/ItBJUpybjRPdORiahWwooUEXzWT6cFwe59UStEVibx6sc/132"}}, {"model": "user.user", "pk": 25, "fields": {"account": "oD6_y5GcJtcCDJdbbs3SqS1p4Esg", "password": "", "name": "\u9ec4\u51e4\u742a", "age": 0, "student_id": "", "sex": "", "major": "", "grade": "", "resume": 51, "c_time": "2019-05-31T16:19:19.208", "open_id": "oD6_y5GcJtcCDJdbbs3SqS1p4Esg", "avatar_url": "https://wx.qlogo.cn/mmhead/YyELLWkrgy9R3oU3F4I31HXibMy8IjG5GsibicjA5w6LtE/132"}}, {"model": "user.resume", "pk": 1, "fields": {"name": "\u4f20\u64e6", "sex": "", "age": 0, "degree": "", "phone": "111", "email": "200@qq.com", "city": "\u5728", "awards": "", "english_skill": "", "edu_exp": "111&\u8ba1\u7b97\u673a\u7c7b&11|&&|&\u5316\u5de5\u4e0e\u5236\u836f\u7c7b&", "project_exp": "", "self_review": ""}}, {"model": "user.resume", "pk": 2, "fields": {"name": "", "sex": "", "age": 0, "degree": "", "phone": "", "email": "", "city": "", "awards": "", "english_skill": "", "edu_exp": "", "project_exp": "", "self_review": ""}}, {"model": "user.resume", "pk": 3, "fields": {"name": "", "sex": "", "age": 0, "degree": "", "phone": "", "email": "", "city": "", "awards": "", "english_skill": "", "edu_exp": "", "project_exp": "", "self_review": ""}}, {"model": "user.resume", "pk": 4, "fields": {"name": "", "sex": "", "age": 0, "degree": "", "phone": "", "email": "", "city": "", "awards": "", "english_skill": "", "edu_exp": "&&|&&|&&", "project_exp": "", "self_review": ""}}, {"model": "user.resume", "pk": 5, "fields": {"name": "", "sex": "", "age": 0, "degree": "", "phone": "", "email": "", "city": "", "awards": "", "english_skill": "", "edu_exp": "&&|&&|&&", "project_exp": "", "self_review": ""}}, {"model": "user.resume", "pk": 6, "fields": {"name": "", "sex": "", "age": 0, "degree": "", "phone": "", "email": "", "city": "", "awards": "", "english_skill": "", "edu_exp": "&&|&&|&&", "project_exp": "", "self_review": ""}}, {"model": "user.resume", "pk": 7, "fields": {"name": "Admin", "sex": "", "age": 0, "degree": "", "phone": "153", "email": "", "city": "", "awards": "", "english_skill": "", "edu_exp": "&&|&&|&&", "project_exp": "", "self_review": ""}}, {"model": "user.resume", "pk": 8, "fields": {"name": "", "sex": "", "age": 0, "degree": "", "phone": "153", "email": "", "city": "", "awards": "", "english_skill": "", "edu_exp": "&&|&&|&&", "project_exp": "", "self_review": ""}}, {"model": "user.resume", "pk": 9, "fields": {"name": "", "sex": "", "age": 0, "degree": "", "phone": "", "email": "", "city": "", "awards": "", "english_skill": "", "edu_exp": "&&|&&|&&", "project_exp": "", "self_review": ""}}, {"model": "user.resume", "pk": 10, "fields": {"name": "", "sex": "", "age": 0, "degree": "", "phone": "", "email": "", "city": "", "awards": "", "english_skill": "", "edu_exp": "&&|&&|&&", "project_exp": "", "self_review": ""}}, {"model": "user.resume", "pk": 11, "fields": {"name": "\u662f", "sex": "\u7537", "age": 0, "degree": "", "phone": "111", "email": "200@1.com", "city": "\u554a", "awards": "", "english_skill": "", "edu_exp": "1111&\u91d1\u878d\u5b66\u7c7b&2222|&&|&&", "project_exp": "", "self_review": ""}}, {"model": "user.resume", "pk": 12, "fields": {"name": "", "sex": "", "age": 0, "degree": "", "phone": "", "email": "", "city": "", "awards": "", "english_skill": "", "edu_exp": "&&|&&|&&", "project_exp": "", "self_review": ""}}, {"model": "user.resume", "pk": 13, "fields": {"name": "", "sex": "", "age": 0, "degree": "", "phone": "", "email": "", "city": "", "awards": "", "english_skill": "", "edu_exp": "", "project_exp": "", "self_review": ""}}, {"model": "user.resume", "pk": 14, "fields": {"name": "", "sex": "", "age": 0, "degree": "", "phone": "", "email": "", "city": "", "awards": "", "english_skill": "", "edu_exp": "&&|&&|&&", "project_exp": "", "self_review": ""}}, {"model": "user.resume", "pk": 15, "fields": {"name": "", "sex": "", "age": 0, "degree": "", "phone": "", "email": "", "city": "", "awards": "", "english_skill": "", "edu_exp": "111&11&11|&&|&&", "project_exp": "", "self_review": ""}}, {"model": "user.resume", "pk": 16, "fields": {"name": "\u4f20\u64e6", "sex": "", "age": 0, "degree": "", "phone": "", "email": "", "city": "\u5728", "awards": "", "english_skill": "", "edu_exp": "111&11&11|&&|&&", "project_exp": "", "self_review": ""}}, {"model": "user.resume", "pk": 17, "fields": {"name": "\u4f20\u64e6", "sex": "", "age": 0, "degree": "", "phone": "", "email": "", "city": "\u5728", "awards": "", "english_skill": "", "edu_exp": "111&\u8ba1\u7b97\u673a\u7c7b&11|&&|&\u5316\u5de5\u4e0e\u5236\u836f\u7c7b&", "project_exp": "", "self_review": ""}}, {"model": "user.resume", "pk": 18, "fields": {"name": "\u662f", "sex": "", "age": 0, "degree": "", "phone": "", "email": "200@1.com", "city": "\u554a", "awards": "", "english_skill": "", "edu_exp": "1111&\u8ba1\u7b97\u673a\u7c7b&2222|&&|&&", "project_exp": "", "self_review": ""}}, {"model": "user.resume", "pk": 19, "fields": {"name": "\u662f", "sex": "", "age": 0, "degree": "", "phone": "", "email": "200@1.com", "city": "\u554a", "awards": "", "english_skill": "", "edu_exp": "1111&\u8ba1\u7b97\u673a\u7c7b&2222|&&|&&", "project_exp": "", "self_review": ""}}, {"model": "user.resume", "pk": 20, "fields": {"name": "\u662f", "sex": "", "age": 0, "degree": "", "phone": "", "email": "200@1.com", "city": "\u554a", "awards": "", "english_skill": "", "edu_exp": "1111&\u8ba1\u7b97\u673a\u7c7b&2222|&&|&&", "project_exp": "", "self_review": ""}}, {"model": "user.resume", "pk": 21, "fields": {"name": "\u662f", "sex": "", "age": 0, "degree": "", "phone": "", "email": "200@1.com", "city": "\u554a", "awards": "", "english_skill": "", "edu_exp": "1111&\u8ba1\u7b97\u673a\u7c7b&2222|&&|&&", "project_exp": "", "self_review": ""}}, {"model": "user.resume", "pk": 22, "fields": {"name": "\u662f", "sex": "", "age": 0, "degree": "", "phone": "", "email": "200@1.com", "city": "\u554a", "awards": "", "english_skill": "", "edu_exp": "1111&\u8ba1\u7b97\u673a\u7c7b&2222|&&|&&", "project_exp": "", "self_review": ""}}, {"model": "user.resume", "pk": 23, "fields": {"name": "\u4f20\u64e6", "sex": "", "age": 0, "degree": "", "phone": "", "email": "200@qq.com", "city": "\u5728", "awards": "", "english_skill": "", "edu_exp": "111&\u8ba1\u7b97\u673a\u7c7b&11|&&|&\u5316\u5de5\u4e0e\u5236\u836f\u7c7b&", "project_exp": "", "self_review": ""}}, {"model": "user.resume", "pk": 24, "fields": {"name": "Admin", "sex": "male", "age": 1, "degree": "high school", "phone": "13579", "email": "4521@126.com", "city": "beijing", "awards": "null", "english_skill": "A", "edu_exp": "abc", "project_exp": "B", "self_review": "not bad"}}, {"model": "user.resume", "pk": 25, "fields": {"name": "\u5218\u542f\u822a", "sex": "", "age": 0, "degree": "", "phone": "46461815", "email": "", "city": "\u5317\u4eac", "awards": "", "english_skill": "", "edu_exp": "2016&\u8ba1\u7b97\u673a\u7c7b&\u5317\u4eac\u822a\u7a7a\u822a\u5929\u5927\u5b66|&&|&&", "project_exp": "", "self_review": ""}}, {"model": "user.resume", "pk": 26, "fields": {"name": "", "sex": "", "age": 0, "degree": "", "phone": "", "email": "", "city": "", "awards": "", "english_skill": "", "edu_exp": "", "project_exp": "", "self_review": ""}}, {"model": "user.resume", "pk": 27, "fields": {"name": "", "sex": "", "age": 0, "degree": "", "phone": "", "email": "", "city": "", "awards": "", "english_skill": "", "edu_exp": "", "project_exp": "", "self_review": ""}}, {"model": "user.resume", "pk": 28, "fields": {"name": "\u5218\u542f\u822a", "sex": "", "age": 0, "degree": "", "phone": "46461815", "email": "", "city": "\u5317\u4eac", "awards": "", "english_skill": "", "edu_exp": "2016&\u8ba1\u7b97\u673a\u7c7b&\u5317\u4eac\u822a\u7a7a\u822a\u5929\u5927\u5b66|&&|&&", "project_exp": "", "self_review": ""}}, {"model": "user.resume", "pk": 29, "fields": {"name": "\u4f20\u64e6", "sex": "", "age": 0, "degree": "", "phone": "", "email": "200@qq.com", "city": "\u5728", "awards": "", "english_skill": "", "edu_exp": "111&\u8ba1\u7b97\u673a\u7c7b&11|&&|&\u5316\u5de5\u4e0e\u5236\u836f\u7c7b&", "project_exp": "", "self_review": ""}}, {"model": "user.resume", "pk": 30, "fields": {"name": "", "sex": "", "age": 0, "degree": "", "phone": "", "email": "", "city": "", "awards": "", "english_skill": "", "edu_exp": "", "project_exp": "", "self_review": ""}}, {"model": "user.resume", "pk": 31, "fields": {"name": "\u86e4\u86e4", "sex": "", "age": 0, "degree": "", "phone": "", "email": "", "city": "\u4e86", "awards": "", "english_skill": "", "edu_exp": "\u5317\u822a&\u8ba1\u7b97\u673a\u7c7b&\u5317\u822a|&&|&&", "project_exp": "", "self_review": ""}}, {"model": "user.resume", "pk": 32, "fields": {"name": "\u51b7", "sex": "", "age": 0, "degree": "", "phone": "", "email": "", "city": "\u4e86", "awards": "", "english_skill": "", "edu_exp": "\u5317\u822a&\u8ba1\u7b97\u673a\u7c7b&\u5317\u822a|&&|&&", "project_exp": "", "self_review": ""}}, {"model": "user.resume", "pk": 33, "fields": {"name": "\u51b7", "sex": "", "age": 0, "degree": "", "phone": "", "email": "", "city": "\u4e86", "awards": "", "english_skill": "", "edu_exp": "\u5317\u822a&\u8ba1\u7b97\u673a\u7c7b&\u5317\u822a|&&|&&", "project_exp": "", "self_review": ""}}, {"model": "user.resume", "pk": 34, "fields": {"name": "", "sex": "", "age": 0, "degree": "", "phone": "", "email": "", "city": "", "awards": "", "english_skill": "", "edu_exp": "", "project_exp": "", "self_review": ""}}, {"model": "user.resume", "pk": 35, "fields": {"name": "\u4f20\u64e6", "sex": "", "age": 0, "degree": "", "phone": "", "email": "200@qq.com", "city": "\u5728", "awards": "", "english_skill": "", "edu_exp": "111&\u8ba1\u7b97\u673a\u7c7b&11|&&|&\u5316\u5de5\u4e0e\u5236\u836f\u7c7b&", "project_exp": "", "self_review": ""}}, {"model": "user.resume", "pk": 36, "fields": {"name": "", "sex": "", "age": 0, "degree": "", "phone": "", "email": "", "city": "", "awards": "", "english_skill": "", "edu_exp": "", "project_exp": "", "self_review": ""}}, {"model": "user.resume", "pk": 37, "fields": {"name": "\u4f20\u64e6", "sex": "", "age": 0, "degree": "", "phone": "111", "email": "200@qq.com", "city": "\u5728", "awards": "", "english_skill": "", "edu_exp": "111&\u8ba1\u7b97\u673a\u7c7b&11|&&|&\u5316\u5de5\u4e0e\u5236\u836f\u7c7b&", "project_exp": "", "self_review": ""}}, {"model": "user.resume", "pk": 38, "fields": {"name": "11", "sex": "", "age": 0, "degree": "", "phone": "17317117283", "email": "111@example.com", "city": "\u5317\u4eac", "awards": "", "english_skill": "", "edu_exp": "2016&\u8ba1\u7b97\u673a\u7c7b&buaa|&&|&&", "project_exp": "", "self_review": ""}}, {"model": "user.resume", "pk": 39, "fields": {"name": "\u4f20\u64e6", "sex": "", "age": 0, "degree": "", "phone": "111", "email": "200@qq.com", "city": "\u5728", "awards": "", "english_skill": "", "edu_exp": "111&\u8ba1\u7b97\u673a\u7c7b&11|&&|&\u5316\u5de5\u4e0e\u5236\u836f\u7c7b&", "project_exp": "", "self_review": ""}}, {"model": "user.resume", "pk": 40, "fields": {"name": "11", "sex": "", "age": 0, "degree": "", "phone": "17317117283", "email": "111@example.com", "city": "\u5317\u4eac", "awards": "", "english_skill": "", "edu_exp": "2016&\u8ba1\u7b97\u673a\u7c7b&buaa|&&|&&", "project_exp": "", "self_review": ""}}, {"model": "user.resume", "pk": 41, "fields": {"name": "paradox", "sex": "\u5973", "age": 17, "degree": "\u535a\u58eb\u540e", "phone": "15555555566", "email": "jdjdj@qq.com", "city": "la", "awards": "djjdjdjdjdd", "english_skill": "xjxjdjdjdj", "edu_exp": "dhdj&\u8ba1\u7b97\u673a\u7c7b&djjdjd|&&|&&", "project_exp": "zjxjjddj", "self_review": "jsjdjdj"}}, {"model": "user.resume", "pk": 42, "fields": {"name": "\u4f20\u64e6", "sex": "", "age": 0, "degree": "", "phone": "111", "email": "200@qq.com", "city": "\u5728", "awards": "", "english_skill": "", "edu_exp": "111&\u8ba1\u7b97\u673a\u7c7b&11|&&|&\u5316\u5de5\u4e0e\u5236\u836f\u7c7b&", "project_exp": "", "self_review": ""}}, {"model": "user.resume", "pk": 43, "fields": {"name": "paradox", "sex": "\u5973", "age": 17, "degree": "\u535a\u58eb\u540e", "phone": "15555555566", "email": "jdjdj@qq.com", "city": "la", "awards": "djjdjdjdjdd", "english_skill": "xjxjdjdjdj", "edu_exp": "dhdj&\u8ba1\u7b97\u673a\u7c7b&djjdjd|&&|&&", "project_exp": "zjxjjddj", "self_review": "jsjdjdj"}}, {"model": "user.resume", "pk": 44, "fields": {"name": "\u4f20\u64e6", "sex": "", "age": 0, "degree": "", "phone": "111", "email": "200@qq.com", "city": "\u5728", "awards": "", "english_skill": "", "edu_exp": "111&\u8ba1\u7b97\u673a\u7c7b&11|&&|&\u5316\u5de5\u4e0e\u5236\u836f\u7c7b&", "project_exp": "", "self_review": ""}}, {"model": "user.resume", "pk": 45, "fields": {"name": "11", "sex": "", "age": 0, "degree": "", "phone": "17317117283", "email": "111@example.com", "city": "\u5317\u4eac", "awards": "", "english_skill": "", "edu_exp": "2016&\u8ba1\u7b97\u673a\u7c7b&buaa|&&|&&", "project_exp": "", "self_review": ""}}, {"model": "user.resume", "pk": 46, "fields": {"name": "\u662f", "sex": "\u7537", "age": 0, "degree": "", "phone": "111", "email": "200@1.com", "city": "\u554a", "awards": "", "english_skill": "", "edu_exp": "1111&\u91d1\u878d\u5b66\u7c7b&2222|&&|&&", "project_exp": "", "self_review": ""}}, {"model": "user.resume", "pk": 47, "fields": {"name": "", "sex": "", "age": 0, "degree": "", "phone": "", "email": "", "city": "", "awards": "", "english_skill": "", "edu_exp": "", "project_exp": "", "self_review": ""}}, {"model": "user.resume", "pk": 48, "fields": {"name": "\u86e4\u86e4", "sex": "", "age": 0, "degree": "", "phone": "", "email": "", "city": "\u4e86", "awards": "", "english_skill": "", "edu_exp": "\u5317\u822a&\u8ba1\u7b97\u673a\u7c7b&\u5317\u822a|&&|&&", "project_exp": "", "self_review": ""}}, {"model": "user.resume", "pk": 49, "fields": {"name": "\u86e4\u86e4", "sex": "", "age": 0, "degree": "", "phone": "", "email": "", "city": "\u4e86", "awards": "", "english_skill": "", "edu_exp": "\u5317\u822a&\u8ba1\u7b97\u673a\u7c7b&\u5317\u822a|&&|&&", "project_exp": "", "self_review": ""}}, {"model": "user.resume", "pk": 50, "fields": {"name": "", "sex": "", "age": 0, "degree": "", "phone": "", "email": "", "city": "", "awards": "", "english_skill": "", "edu_exp": "", "project_exp": "", "self_review": ""}}, {"model": "user.resume", "pk": 51, "fields": {"name": "", "sex": "", "age": 0, "degree": "", "phone": "", "email": "", "city": "", "awards": "", "english_skill": "", "edu_exp": "", "project_exp": "", "self_review": ""}}, {"model": "demand.post", "pk": 3, "fields": {"title": "\u5546\u6c64\u79d1\u6280\u7814\u7a76\u9662\uff08\u5317\u4eac\uff09\u62db\u5b9e\u4e60\u751f", "post_detail": "- \u57fa\u672c\u8981\u6c42\uff1a\u4ee3\u7801\u80fd\u529b\u5f3a\uff0c\u719f\u6089python\uff0c\u5bf9\u7b97\u6cd5\u6709\u8f83\u5f3a\u7684\u5b9e\u73b0\u80fd\u529b\uff1b\u5bf9\u6df1\u5ea6\u5b66\u4e60\u6709\u57fa\u672c\u7684\u4e86\u89e3\uff1b\u81f3\u5c11\u719f\u6089\u4e00\u4e2a\u6df1\u5ea6\u5b66\u4e60\u6846\u67b6\uff0c\u5982pytorch\uff0ctensorflow\u7b49\uff1b\u6709\u5f3a\u70c8\u7684\u63a2\u7d22\u7cbe\u795e\u548c\u70ed\u60c5\u3002\r\n- \u52a0\u5206\u9879\uff1a\u719f\u6089\u6a21\u578b\u52a0\u901f\u7b97\u6cd5\u6216\u7269\u4f53\u68c0\u6d4b\u7b97\u6cd5\uff1b\u6709ACM\u6216\u5176\u4ed6\u7a0b\u5e8f\u8bbe\u8ba1\u7ade\u8d5b\u83b7\u5956\u7ecf\u5386\uff1b\u6709\u8ba1\u7b97\u673a\u89c6\u89c9\u65b9\u9762\u7684\u79d1\u7814\u6210\u679c\u3002\r\n- \u5b9e\u4e60\u65f6\u95f4\u6700\u597d\u80fd\u8fbe\u52306\u4e2a\u6708\uff0c\u5f39\u6027\u5de5\u4f5c\uff0c\u65f6\u85aa\u5236\uff0c\u5f85\u9047\u4f18\u539a\u3002\r\n\u7ec4\u5185\u4e3b\u8981\u505a\u6a21\u578b\u52a0\u901f\u65b9\u9762\u7684\u7814\u7a76\u548c\u76f8\u5173\u6846\u67b6\u7684\u5f00\u53d1\u3002\u5b9e\u4e60\u4e2d\uff0c\u4f60\u7684\u4ee3\u7801\u80fd\u529b\u548c\u79d1\u7814\u80fd\u529b\u90fd\u80fd\u5f97\u5230\u5f88\u5927\u7684\u63d0\u5347\u3002\r\n\u6b22\u8fce\u6709\u610f\u5411\u7684\u540c\u5b66\u53d1\u9001\u7b80\u5386\u5230 wangyujie@sensetime.com", "request_num": 10, "accept_num": 0, "deadline": "2019-05-31", "post_time": "2019-05-08T19:14:44.772", "if_end": false, "poster": 3, "image": "img/post/3_0CLblVm.jpg", "is_imported": true}}, {"model": "demand.post", "pk": 4, "fields": {"title": "\u590d\u73b0\u6df1\u5ea6\u5b66\u4e60\u76f8\u5173\u8bba\u6587", "post_detail": "\u627e\u4eba\u3010\u6709\u507f\u3011\uff1a\u590d\u73b0\u6df1\u5ea6\u5b66\u4e60\u76f8\u5173\u8bba\u6587\u4e00\u7bc7\u3002\u8bba\u6587\u8f83\u4e3a\u7b80\u5355\uff0c\u63a8\u8350\u7cfb\u7edf\u76f8\u5173\uff0cRecSys18 short paper https://arxiv.org/pdf/1811.08203.pdf \u8981\u6c42\uff1a1.\u6bcf\u5468\u4ea4\u6d41\u5de5\u4f5c\u8fdb\u5ea6\u30022.6\u670815\u65e5\u4e4b\u524d\u5b8c\u6210\u30023.\u4ee3\u7801\u6613\u8bfb\uff0c\u5e26\u6ce8\u91ca\u3002 \u6025\u9700\uff0c\u6240\u4ee5\u4ef7\u683c\u597d\u5546\u91cf\u3002 \u3010\u8054\u7cfb\u3011\uff1aqq 2109507243", "request_num": 1, "accept_num": 0, "deadline": "2019-06-15", "post_time": "2019-05-08T19:15:37.196", "if_end": false, "poster": 3, "image": "img/post/4.jpg", "is_imported": true}}, {"model": "demand.post", "pk": 5, "fields": {"title": "\u6ef4\u6ef4\u51fa\u884c\u5b9e\u4e60\u751f\u62db\u8058", "post_detail": "\u90e8\u95e8\uff1a\u6ef4\u6ef4\u51fa\u884c-\u7f51\u7ea6\u8f66\u6280\u672f-\u751f\u6001\u5f15\u64ce\r\n\u5c97\u4f4d\uff1a\u7b97\u6cd5\u5b9e\u4e60\u751f\r\n\u804c\u4f4d\u63cf\u8ff0\uff1a\u901a\u8fc7\u673a\u5668\u5b66\u4e60\u6280\u672f\u6253\u9020\u53f8\u673a\u4f53\u9a8c\u5efa\u6a21\u3001\u4e58\u5ba2\u4fe1\u8a89\u5efa\u6a21\u3001\u53f8\u673a\u6784\u6210\u5206\u7c7b\u3001\u4e58\u5ba2\u7559\u5b58\u5efa\u6a21\u7b49\u6280\u672f\uff0c\u7ed3\u5408\u673a\u5236\u8bbe\u8ba1\u8fdb\u884c\u5229\u76ca\u5206\u914d\u4fc3\u6210\u826f\u6027\u751f\u6001\uff0c\u6253\u9020\u51fa\u884c\u5e73\u53f0\u7684\u957f\u671f\u589e\u957f\u5f15\u64ce\u3002\r\n\u4efb\u804c\u8981\u6c42\uff1a\r\n1. \u8ba1\u7b97\u673a\u6216\u6570\u5b66\u76f8\u5173\u4e13\u4e1a\u6bd5\u4e1a\uff0c\u6709\u624e\u5b9e\u7684\u6570\u636e\u7ed3\u6784\u548c\u7b97\u6cd5\u57fa\u7840\uff0c\u6216\u8005\u6709\u8f83\u597d\u7684\u6570\u5b66\u529f\u5e95\uff1b\r\n2. \u7f16\u7a0b\u57fa\u7840\u624e\u5b9e\uff0c\u719f\u7ec3\u4f7f\u7528\u81f3\u5c11\u4e00\u79cd\u5e38\u7528\u7684\u7f16\u7a0b\u8bed\u8a00\uff0c\u5305\u62ec\u4f46\u4e0d\u9650\u4e8e\uff1aC++\u3001Python\u3001Scala\u3001Go\u3001Java\u3001Matlab\uff1b\r\n3. \u5728\u673a\u5668\u5b66\u4e60\u6216\u6570\u636e\u6316\u6398\u65b9\u5411\u6709\u8f83\u5f3a\u7684\u79ef\u7d2f\uff0c\u719f\u6089\u7ecf\u5178\u7684\u7b97\u6cd5\u5e76\u6709\u5b9e\u8df5\u7ecf\u9a8c\uff0c\u5305\u62ecLR\u3001SVM\u3001GBDT\u3001Reinforcement Learning\u3001Deep Learning\uff1b\r\n4. \u6709\u5b66\u4e60\u70ed\u60c5\uff0c\u5173\u6ce8\u4e1a\u754c\u524d\u6cbf\u6280\u672f\uff0cfollow\u4eba\u5de5\u667a\u80fd\u56fd\u9645\u4f1a\u8bae\u7814\u7a76\u52a8\u6001\uff0c\u4e0d\u65ad\u63d0\u5347\u81ea\u5df1\u5728\u673a\u5668\u5b66\u4e60\u3001\u8fd0\u7b79\u4f18\u5316\u3001\u673a\u5236\u8bbe\u8ba1\u3001\u6570\u7406\u7edf\u8ba1\u3002\r\n\u8054\u7cfb\u65b9\u5f0f\uff1ayoungyangfan@didiglobal.com", "request_num": 15, "accept_num": 0, "deadline": "2019-05-29", "post_time": "2019-05-08T19:16:04.288", "if_end": false, "poster": 7, "image": "img/post/5.jpg", "is_imported": true}}, {"model": "demand.post", "pk": 6, "fields": {"title": "\u5feb\u624b", "post_detail": "\u5feb\u624b,\u56fd\u6c11\u77ed\u89c6\u9891\u793e\u533a,\u4e2d\u56fd\u6700\u5927\u7684\u76f4\u64ad\u516c\u53f8\uff0c\u8bb0\u5f55\u548c\u5206\u4eab\u751f\u6d3b\u7684\u5e73\u53f0\u3002\r\n\u5728\u8fd9\u91cc,\u770b\u5230\u771f\u5b9e\u6709\u8da3\u7684\u4e16\u754c,\u627e\u5230\u81ea\u5df1\u611f\u5174\u8da3\u7684\u4eba,\u4e5f\u53ef\u4ee5\u8ba9\u4e16\u754c\u53d1\u73b0\u771f\u5b9e\u6709\u8da3\u7684\u81ea\u5df1\u3002\r\n\r\n\u5de5\u4f5c\u804c\u8d23\r\n1\u3001\u534f\u52a9\u6218\u7565\u5206\u6790\u5e08\u5b8c\u6210\u516c\u53f8\u4e92\u8054\u7f51\u76f8\u5173\u4e1a\u52a1\u7684\u6218\u7565\u5206\u6790\u3001\u5236\u5b9a\u4e0e\u63a8\u52a8\uff1b \r\n2\u3001\u534f\u52a9\u5206\u6790\u516c\u53f8\u5404\u9879\u4e1a\u52a1\u7684\u8fd0\u8425\u60c5\u51b5\uff0c\u5236\u5b9a\u76f8\u5e94\u7b56\u7565\uff1b \r\n3\u3001\u534f\u52a9\u63a8\u52a8\u5173\u952e\u4e1a\u52a1/\u521b\u65b0\u4e1a\u52a1\u4ece\u5b9a\u4f4d\u5230\u6218\u7565\u65b9\u5411\u3001\u7ade\u4e89\u7b56\u7565\u3001\u843d\u5730\u89c4\u5212\u3001\u8fd0\u8425\u4f18\u5316\u7684\u8bbe\u8ba1\uff1b\r\n4\u3001\u4e0e\u8fd0\u8425\u3001\u5e02\u573a\u3001\u4ea7\u54c1\u3001\u6280\u672f\u7b49\u56e2\u961f\u534f\u8c03\u5408\u4f5c\uff0c\u63a8\u8fdb\u6218\u7565\u7684\u843d\u5730\u6267\u884c\uff1b\r\n5\u3001\u534f\u52a9\u7814\u7a76\u56fd\u5185\u5916\u884c\u4e1a\u52a8\u6001\u53ca\u6a21\u5f0f\uff0c\u5e94\u7528\u4e8e\u516c\u53f8\u7684\u6218\u7565\u5236\u5b9a\u3001\u4e1a\u52a1\u62d3\u5c55\u53ca\u521b\u65b0\u3002\r\n\r\n\u4efb\u804c\u8981\u6c42\r\n1\u3001\u6709\u597d\u5947\u5fc3\uff0c\u5bf9\u4e92\u8054\u7f51\u3001\u5185\u5bb9\u884c\u4e1a\u53ca\u672a\u6765\u79d1\u6280\u6709\u5f3a\u70c8\u5174\u8da3\uff1b \r\n2\u3001\u8f83\u5f3a\u7684\u903b\u8f91\u5206\u6790\u3001\u6570\u636e\u5206\u6790\u4e0e\u5feb\u901f\u7684\u5b66\u4e60\u80fd\u529b\uff0c\u6709\u4e00\u5b9asql\u7ecf\u9a8c\u8005\u4f18\u5148\uff1b \r\n3\u3001\u6c9f\u901a\u80fd\u529b\u5f3a\uff0c\u80fd\u5feb\u901f\u5730\u7406\u89e3\u5404\u65b9\u8bc9\u6c42\uff0c\u5e76\u6709\u6548\u4f20\u8fbe\u6218\u7565\u5efa\u8bae\uff1b\r\n4\u3001\u672c\u79d1\u53ca\u4ee5\u4e0a\u5b66\u5386\uff0c\u5728\u6821\u671f\u95f4\u6709\u4e92\u8054\u7f51\u76f8\u5173\u80cc\u666f\u8005\u4f18\u5148\uff1b \r\n5\u3001\u82f1\u6587\u4e66\u9762\u53ca\u53e3\u5934\u6c9f\u901a\u80fd\u529b\u826f\u597d\u8005\u4f18\u5148\u3002\r\n6\u3001\u6bcf\u5468\u4fdd\u8bc1\u5de5\u4f5c3\u5929\u4ee5\u4e0a\u3002\r\n\r\n\u5b9e\u4e60\u5f85\u9047\r\n250\u5143/\u5929\uff0c\u5305\u5348\u9910\uff0c\u5b9a\u5236\u4e0b\u5348\u8336\uff0c\u8282\u65e5\u793c\u54c1\uff0c\u4e0d\u5b9a\u671fTB\u6d3b\u52a8\u7b49\uff1b\r\n\r\n\u5de5\u4f5c\u5730\u70b9\uff1a\u5317\u4eac\u5e02\u6d77\u6dc0\u533a\u4e0a\u5730\u897f\u8def6\u53f7\u5feb\u624b\u603b\u90e8\uff0c\u5730\u94c113\u53f7\u7ebf\u897f\u4e8c\u65d7\u7ad9\u51fa\u7ad9\u6b65\u884c7\u5206\u949f\r\n\r\n\u7b80\u5386\u8bf7\u53d1\u9001\uff1asonglu@kuaishou.com\uff0czhangxiaotian@kuaishou.com", "request_num": 20, "accept_num": 0, "deadline": "2019-05-30", "post_time": "2019-05-08T19:16:36.354", "if_end": false, "poster": 3, "image": "img/post/6.jpg", "is_imported": true}}, {"model": "demand.post", "pk": 7, "fields": {"title": "\u5317\u4eac\u6728\u74dc\u79fb\u52a8\u62db\u8058Android\u5f00\u53d1\u5b9e\u4e60\u751f", "post_detail": "\u804c\u4f4d\u804c\u8d23\uff1a \r\n\u53c2\u4e0eAndroid\u5ba2\u6237\u7aef\u7684\u7ef4\u62a4\u548c\u5f00\u53d1\uff1b \r\n\u804c\u4f4d\u8981\u6c42\uff1a \r\n1\u3001\u8ba1\u7b97\u673a\u8f6f\u4ef6\u3001\u901a\u4fe1\u76f8\u5173\u4e13\u4e1a\u80cc\u666f\uff1b\r\n2\u3001\u719f\u6089\u9762\u5411\u5bf9\u8c61\u7f16\u7a0b\uff0c\u719f\u7ec3\u4f7f\u7528Java\u6216Kotlin\uff0c\u638c\u63e1\u6570\u636e\u7ed3\u6784\u57fa\u672c\u77e5\u8bc6\uff1b\r\n3\u3001\u719f\u6089Android\u7814\u53d1\u6280\u672f\uff0c\u5c24\u5176\u662fUI\u5e03\u5c40\u548c\u7f51\u7edc\u65b9\u9762\uff1b\r\n4\u3001\u6709\u8fdb\u53d6\u5fc3\u548c\u8d23\u4efb\u611f\uff0c\u8c26\u865a\u3001\u4e25\u8c28\uff1b\r\n5\u3001\u6bcf\u5468\u5b9e\u4e603\u5929\u53ca\u4ee5\u4e0a\uff0c\u5b9e\u4e60\u671f3\u4e2a\u6708\u4ee5\u4e0a\uff1b\r\n?\r\n\u85aa\u8d44\uff1a150/\u5929+20\u5143\u996d\u8865/\u5929\r\n\u5730\u70b9\uff1a\u5b66\u6e05\u8def8\u53f7\u79d1\u6280\u8d22\u5bcc\u4e2d\u5fc3A\u5ea711\u5c42\r\n\u7b80\u5386\u53d1\u81f3\uff1aliuweidan@papayamobile.com", "request_num": 15, "accept_num": 0, "deadline": "2019-06-04", "post_time": "2019-05-08T19:16:56.605", "if_end": false, "poster": 7, "image": "img/post/7.jpg", "is_imported": true}}, {"model": "demand.post", "pk": 8, "fields": {"title": "\u5b89\u6c38\u6691\u671f\u9886\u5bfc\u529b\u8bad\u7ec3\u8425", "post_detail": "2019\u5e74\u5b89\u6c38\u6691\u671f\u9886\u5bfc\u529b\u8bad\u7ec3\u8425\u7f51\u7533\u5df2\u7ecf\u542f\u52a8\uff0c\u4e3a\u8ba1\u7b97\u673a\u5b66\u9662\u4f18\u79c0\u5b66\u751f\u7279\u522b\u5f00\u8f9f\u4e863\u4e2a\u201c\u7eff\u8272\u901a\u9053\u201d\uff0c\u7b26\u5408\u8981\u6c42\u7684\u540c\u5b66\u5c06\u76f4\u63a5\u8fdb\u5165\u7b14\u8bd5\u73af\u8282\uff0c\u8c22\u8c22\uff01                                    \u63a8\u8350\u8981\u6c42\uff1a\r\n\u00b72020\u5e74\u6bd5\u4e1a\u7684\u672c\u79d1\u751f\u53ca\u7814\u7a76\u751f\r\n\u00b7\u5b66\u4e1a\u6210\u7ee9\u4f18\u79c0\uff0c\u7efc\u5408\u6392\u540d\u5728\u672c\u4e13\u4e1a\u5b66\u751f\u4e2d\u4f4d\u4e8e\u524d10%\r\n\u00b7\u82f1\u8bed\u6210\u7ee9\u4f18\u79c0\uff0c\u516d\u7ea7\u6210\u7ee9550\u5206\u4ee5\u4e0a\uff0c\u6216\u82f1\u8bed\u4e13\u4e1a\u56db\u7ea7/\u82f1\u8bed\u4e13\u4e1a\u516b\u7ea7\u8bc1\u4e66\uff0c\u6216\u6258\u798f\u6210\u7ee9100\u4ee5\u4e0a\uff0c\u6216\u96c5\u601d\u6210\u7ee97\u5206\u4ee5\u4e0a\uff0c\u6216\u6258\u4e1a\u6210\u7ee9800\u5206\u4ee5\u4e0a\r\n\u00b7\u6709\u5fd7\u4e8e\u5728\u4e13\u4e1a\u670d\u52a1\u9886\u57df\u5de5\u4f5c\u4f18\u5148\u8003\u8651\r\n\u00b7\u66fe\u83b7\u5f97\u5956\u5b66\u91d1\u3001\u6821\u5185\u5916\u5956\u52b1\u6216\u7ade\u8d5b\u540d\u6b21\u7b49\uff0c\u6216\r\n\u00b7\u66fe\u4efb\u5b66\u751f\u4f1a\u6216\u6821\u5185\u5b66\u751f\u793e\u56e2\u5e72\u90e8\uff0c\u6216\r\n\u00b7\u66fe\u6709\u5728\u77e5\u540d\u516c\u53f8\u5b9e\u4e60\u7ecf\u5386\r\n\u63a8\u8350\u65b9\u5f0f\uff1a\r\n1.\u5b66\u751f\u901a\u8fc7\u7535\u8111\u7aef\u767b\u9646\u5b89\u6c38\u5b98\u7f51\u201c\u5de5\u4f5c\u673a\u4f1a\u201d\u7248\u5757\uff0c\u5728\u53f3\u4fa7\u680f\u76ee\u9009\u62e9\u201c\u5bfb\u627e\u804c\u4f4d\u201d\u767b\u9646\u7f51\u7533\u5e73\u53f0\u3002\r\nhttp://www.ey.com/cn/careers\r\n2. \u5b89\u6c38\u7f51\u4e0a\u7533\u8bf7\u65f6\u95f4\u4e3a2019\u5e744\u67081\u65e5\u81f34\u670830\u65e5\uff0c\u8bf7\u540c\u5b66\u5728\u6b64\u671f\u95f4\u5185\u5b8c\u6210\u7f51\u4e0a\u7533\u8bf7\u3002\r\n3. \u8d70\u7eff\u8272\u901a\u9053\u7684\u540c\u5b66\uff0c\u5c06\u514d\u7b80\u5386\u7b5b\u9009\uff0c\u76f4\u63a5\u8fdb\u5165\u7b14\u8bd5\u73af\u8282\uff08\u7b80\u5386\u9700\u8981\u53d1\u5230buaa17scse@126.com\uff09\u3002", "request_num": 20, "accept_num": 0, "deadline": "2019-04-30", "post_time": "2019-05-08T19:18:31.592", "if_end": false, "poster": 3, "image": "img/post/8.jpg", "is_imported": true}}, {"model": "demand.post", "pk": 9, "fields": {"title": "\u963f\u91cc\u5df4\u5df4\u641c\u7d22\u4e0e\u63a8\u8350\u4e8b\u4e1a\u90e8", "post_detail": "\u963f\u91cc\u5df4\u5df4\u641c\u7d22\u4e0e\u63a8\u8350\u4e8b\u4e1a\u90e8AI-OS\u5f15\u64ce\u5e73\u53f0\u5317\u4eac\u56e2\u961f\uff0c\u7acb\u8db3\u4e8e\u9996\u90fd\uff0c\u4e3a\u963f\u91cc\u96c6\u56e2\u7684\u641c\u7d22\u548c\u63a8\u8350\u4e1a\u52a1\u63d0\u4f9b\u7edf\u4e00\u7684\u5927\u89c4\u6a21\u6784\u5efa\u3001\u8bad\u7ec3\u3001\u5b9e\u65f6\u66f4\u65b0\u3001\u7ec4\u7ec7\u4f18\u5316\u4ee5\u53ca\u9ad8\u901f\u67e5\u8be2\u7684\u5b58\u50a8\u548c\u7d22\u5f15\u5e73\u53f0\uff0c\u793e\u4f1a\u5f71\u54cd\u529b\u5927\u7684\u4e1a\u52a1\u5305\u62ec\u5168\u7403\u6700\u5927\u7684\u7535\u5546\u641c\u7d22\u6dd8\u5b9d\u641c\u7d22\uff0c\u4e2d\u56fd\u5e02\u573a\u5360\u6709\u7387\u7b2c\u4e00\u7684\u4e91\u641c\u7d22\u4ea7\u54c1\u963f\u91cc\u4e91open search\uff0c\u5168\u7403\u6700\u5927\u7684B2B\u641c\u7d22\u4ee5\u53ca\u624b\u673a\u6dd8\u5b9d\u731c\u4f60\u559c\u6b22\u3001\u9996\u731c\u7b49\u91cd\u8981\u7684\u63a8\u8350\u573a\u666f\uff0c\u5f15\u5bfc\u6210\u4ea4\u989d\u5360\u636e\u96c6\u56e2GMV\u5927\u90e8\u5206\u3002\u5728\u8fd9\u91cc\uff0c\u4f60\u53ef\u4ee5\u73a9\u8f6c\u5927\u89c4\u6a21\u6570\u636e\u7684\u5b58\u50a8\u548c\u7d22\u5f15\u4ea7\u51fa\u548c\u4f18\u5316\u8fc7\u7a0b\uff0c\u53ef\u4ee5\u53c2\u4e0e\u5230\u6784\u5efa\u641c\u7d22\u53ec\u56de\u5f15\u64ce\u3001\u63a8\u8350\u53ec\u56de\u5f15\u64ce\u3001\u6df1\u5ea6\u5b66\u4e60\u9884\u6d4b\u5f15\u64ce\u548c\u56fe\u5173\u7cfb\u8ba1\u7b97\u5f15\u64ce\u7684\u7d22\u5f15\u548c\u5b58\u50a8\u670d\u52a1\uff0c\u4e5f\u53ef\u4ee5\u4e0e\u6700\u524d\u6cbf\u7684PCIE SSD\u3001Optane\u3001AEP\u7b49\u5b58\u50a8\u786c\u4ef6\u4eb2\u5bc6\u63a5\u89e6\uff0c\u69a8\u5e72\u5b83\u4eec\u7684\u6027\u80fd\uff0c\u4e5f\u53ef\u4ee5\u53c2\u4e0e\u7ed8\u5236\u5206\u5e03\u5f0f\u5927\u89c4\u6a21\u8ba1\u7b97\u6846\u67b6\u4ee5\u53ca\u6df1\u5ea6\u5b66\u4e60\u8bad\u7ec3\u548c\u9884\u6d4b\u6846\u67b6\u7684\u5b8f\u4f1f\u84dd\u56fe\u3002\u603b\u4e4b\uff0c\u8fd9\u91cc\u6709\u5f88\u591a\u6311\u6218\u7b49\u7740\u4f60\u6765\u548c\u6211\u4eec\u4e00\u8d77\u5b8c\u6210\u3002\r\n\r\n\u73b0\u5728\u6211\u4eec\u5bf92020\u5e74\u6bd5\u4e1a\u7684\u4f18\u79c0\u672c\u79d1\u3001\u7855\u58eb\u548c\u535a\u58eb\u655e\u5f00\u6691\u671f\u5b9e\u4e60\u7684\u5927\u95e8\u3002\u5982\u679c\u4f60\u7684\u5bfc\u5e08\u4e0d\u5141\u8bb8\u4f60\u6691\u671f\u5b9e\u4e60\u4e5f\u6ca1\u5173\u7cfb\uff0c\u6211\u4eec\u53ef\u4ee5\u5148\u5efa\u7acb\u8fde\u63a5\u628a\u6821\u62db\u7684\u4f4d\u7f6e\u9884\u7559\u7ed9\u4f60\u3002\u6240\u4ee5\u5982\u679c\u4f60\u7b26\u5408\u4e0b\u5217\u4e00\u79cd\u6761\u4ef6\uff0c\u5373\u53ef\u548c\u6211\u4eec\u8054\u7cfb(chris.ljy@alibaba-inc.com)\u3002\r\n1.\u5728\u67d0\u4e2a\u5e95\u5c42\u8f6f\u4ef6\u65b9\u5411\uff08\u6bd4\u5982\u641c\u7d22\u5f15\u64ce\u3001\u6570\u636e\u5e93\u5f15\u64ce\u3001\u5206\u5e03\u5f0f\u8ba1\u7b97\u3001\u6a21\u578b\u8bad\u7ec3\u3001\u64cd\u4f5c\u7cfb\u7edf\u3001\u5b58\u50a8\u6280\u672f\u7b49\uff09\u4e0a\u505a\u8fc7\u6df1\u5165\u7814\u7a76\uff0c\u6709\u8fc7\u4e0d\u9519\u7684\u6210\u679c\uff0c\u751a\u81f3\u5728\u9876\u7ea7\u56fd\u9645\u4f1a\u8bae\u6216\u520a\u7269\u4e0a\u53d1\u8868\u8fc7\u6587\u7ae0\u3002\r\n2.\u53c2\u52a0\u8fc7ACM\u7b49\u7f16\u7a0b\u6bd4\u8d5b\uff0c\u5e76\u5728\u5168\u56fd\u751a\u81f3\u56fd\u9645\u83b7\u5f97\u8fc7\u4e0d\u9519\u7684\u540d\u6b21\u3002\r\n3.\u867d\u6ca1\u53c2\u52a0\u8fc7\u6bd4\u8d5b\uff0c\u4f46\u7231\u52a8\u624b\u505a\u4e8b\uff0c\u53c2\u52a0\u8fc7\u5f88\u591a\u6709\u6311\u6218\u7684\u5e95\u5c42\u9879\u76ee\u5e76\u5728\u5176\u4e2d\u6709\u4e0d\u5c0f\u7684\u8d21\u732e\u3002", "request_num": 20, "accept_num": 0, "deadline": "2019-05-31", "post_time": "2019-05-08T19:19:21.966", "if_end": false, "poster": 3, "image": "img/post/9.jpg", "is_imported": true}}, {"model": "demand.post", "pk": 10, "fields": {"title": "\u597d\u672a\u6765", "post_detail": "\u3010\u6211\u4eec\u662f\u8c01\u3011\r\n\u597d\u672a\u6765 (NYSE:TAL)\u662f\u4e00\u5bb6\u4e2d\u56fd\u9886\u5148\u7684\u6559\u80b2\u79d1\u6280\u4f01\u4e1a\uff0c\u4ee5\u79d1\u6280\u9a71\u52a8\u3001\u4eba\u624d\u4eb2\u5bc6\u3001\u54c1\u8d28\u9886\u5148\u4e3a\u53d1\u5c55\u7684\u6838\u5fc3\u76ee\u6807\u3002\u81ea2003\u5e74\u521b\u7acb\u4ee5\u6765\uff0c\u4e00\u76f4\u81f4\u529b\u4e8e\u4fc3\u8fdb\u79d1\u6280\u4e92\u8054\u7f51\u4e0e\u6559\u80b2\u878d\u5408\uff0c\u4e3a\u5b69\u5b50\u521b\u9020\u66f4\u7f8e\u597d\u7684\u5b66\u4e60\u4f53\u9a8c\u3002\r\n\u5c0f\u7334\u7f16\u7a0b\u662f\u597d\u672a\u6765\u5b66\u800c\u601d\u65d7\u4e0b\u7684\u521b\u610f\u7f16\u7a0b\u4ea7\u54c1\uff0c\u901a\u8fc7\u7f16\u7a0b\u5e73\u53f0\uff0c\u6e38\u620f\u5316\u95ef\u5173\u5185\u5bb9\u548c\u751f\u52a8\u6709\u8da3\u7684\u8bfe\u7a0b\uff0c\u4e3a\u4e2d\u56fd\u7684\u5bb6\u5ead\u548c\u5b66\u6821\u63d0\u4f9b\u7f16\u7a0b\u548c\u521b\u610f\u5b66\u4e60\u7684\u4f18\u8d28\u8d44\u6e90\u3002\r\n\u5c0f\u7334\u7f16\u7a0b\u81f4\u529b\u4e8e\u57f9\u517b\u4e2d\u56fd\u5b69\u5b50\u7684\u521b\u9020\u529b\uff0c\u903b\u8f91\u529b\u548c\u5408\u4f5c\u529b\uff0c\u6211\u4eec\u76f8\u4fe1\u7f16\u7a0b\u4e0d\u4ec5\u662f\u4e3a\u4e86\u57f9\u517b\u6280\u80fd\uff0c\u800c\u662f\u4e3a\u4e86\u57f9\u517b\u8ba1\u7b97\u548c\u521b\u65b0\u601d\u7ef4\uff0c\u7ed9\u5b69\u5b50\u4e00\u4e2a\u770b\u5f85\u4e16\u754c\u7684\u5168\u65b0\u89c6\u89d2\uff0c\u4ece\u800c\u57f9\u517b\u660e\u5929\u7684\u521b\u9020\u8005\u3002\r\n\r\n\u5c97\u4f4d\r\n\u4fe1\u606f\u7ade\u8d5b\u7279\u8058\u6559\u7ec3\r\n\u5c97\u4f4d\u63cf\u8ff0\r\n1. \u68b3\u7406\u63d0\u9ad8\u7ec4\u7b97\u6cd5\u4f53\u7cfb\uff0c\u6839\u636e\u63d0\u9ad8\u7ec4\u4e0d\u540c\u7b97\u6cd5\u7ae0\u8282\u8fdb\u884c\u9009\u9898\u53ca\u7f16\u5199\u6807\u7a0b\r\n2. \u547d\u6a21\u62df\u9898\uff0c\u7f16\u5199\u6d4b\u8bd5\u6570\u636e\uff1b\r\n3. \u6839\u636e\u70ed\u70b9\u53ca\u8fd1\u671f\u7ade\u8d5b\uff0c\u64b0\u5199\u8003\u8bd5\u6216\u5b66\u79d1\u76f8\u5173\u7684\u6559\u7814\u6587\u7ae0\uff1b\r\n\u5c97\u4f4d\u8981\u6c42\r\n1. 985\u9ad8\u6821\u672c\u79d1\u4ee5\u4e0a\u5b66\u5386\uff0c\u6709\u4e30\u5bcc\u4fe1\u606f\u7ade\u8d5b\u53c2\u8d5b\u7ecf\u5386\u3002\u66fe\u83b7\u5f97NOI\u94f6\u724c\u53ca\u4ee5\u4e0a,\u6216ACM-ICPC\u4e9a\u6d32\u533a\u57df\u8d5b\u91d1\u724c\u53ca\u4ee5\u4e0a\u8005\u4f18\u5148\u3002\r\n2. \u719f\u6089\u4fe1\u606f\u7ade\u8d5b\u77e5\u8bc6\u4f53\u7cfb\uff0c\u4e86\u89e3\u4e3b\u6d41\u8f85\u5bfc\u4e66\u7c4d\u4e0e\u5728\u7ebf\u5b66\u4e60\u5e73\u53f0\u3002\r\n3\uff0e\u719f\u6089NOIP\u63d0\u9ad8\u7ec4\u8003\u8bd5\u9898\u578b,\u80fd\u5c06\u77e5\u8bc6\u70b9\u8fdb\u884c\u62c6\u5206\r\n4. \u5b66\u4e60\u80fd\u529b\u5f3a\uff0c\u6709\u826f\u597d\u7684\u6570\u636e\u610f\u8bc6\u548c\u4ea7\u54c1\u5316\u601d\u7ef4\u8005\u4f18\u5148\u3002\r\n5. \u6bcf\u5468\u6709\u534a\u5929\u4ee5\u4e0a\u65f6\u95f4\u6765\u516c\u53f8(\u4e2d\u5173\u6751\u9644\u8fd1)\u529e\u516c\u3002\r\n\u5de5\u4f5c\u5730\u70b9\r\n\u5317\u4eac\u5e02\u6d77\u6dc0\u533a\u6d77\u5174\u5927\u53a6", "request_num": 10, "accept_num": 0, "deadline": "2019-05-31", "post_time": "2019-05-08T19:19:45.405", "if_end": false, "poster": 7, "image": "img/post/10.jpg", "is_imported": true}}, {"model": "demand.post", "pk": 11, "fields": {"title": "\u8682\u8681\u91d1\u670d\u901a\u4fe1\u4e2d\u95f4\u4ef62020\u5e74\u6bd5\u4e1a\u5b9e\u4e60\u751f\u62db\u6536", "post_detail": "\u90e8\u95e8\u4e0e\u5c0f\u7ec4\u4ecb\u7ecd\r\n\r\n\u8682\u8681\u91d1\u670d\u5373\u5927\u5bb6\u719f\u77e5\u7684\u652f\u4ed8\u5b9d\u3002\u8682\u8681\u91d1\u670d\uff0d\u57fa\u7840\u6280\u672f\u90e8\u524d\u8eab\u662f\u652f\u4ed8\u5b9d\u7684\u4e2d\u95f4\u4ef6\u7ec4\u3002 \u5f53\u524d\u8be5\u90e8\u95e8\u4e3b\u8981\u670d\u52a1\u4e8e\u6574\u4e2a\u8682\u8681\u91d1\u670d\u96c6\u56e2\u7684\u4e1a\u52a1\u90e8\u95e8\u7684\u6280\u672f\uff0c\u5305\u62ec\u652f\u4ed8\u5b9d\uff0c\u7f51\u5546\u94f6\u884c\uff0c\u829d\u9ebb\u4fe1\u7528\uff0c\u56fd\u9645\u652f\u4ed8\uff0c\u8d22\u5bcc\u7ebf\uff0c\u8682\u8681\u4fdd\u9669\uff0c\u53e3\u7891\u7b49\u3002 \u540c\u65f6\u4e5f\u5728\u81f4\u529b\u4e8e\u7528\u6280\u672f\u63d0\u4f9b\u89e3\u51b3\u91d1\u878d\u884c\u4e1a\u7684\u89e3\u51b3\u65b9\u6848\uff0d\u8682\u8681\u91d1\u878d\u4e91\u4e1a\u52a1\u7684\u6269\u5f20\uff0c\u4ee5\u53ca\u91d1\u878d\u5c5e\u6027\u7684\u4e1a\u52a1\u7279\u6027\uff0c\u5bf9\u6280\u672f\u63d0\u51fa\u4e86\u66f4\u9ad8\u7684\u8981\u6c42\u3002 \u673a\u4f1a\u662f\u6ee1\u6ee1\u7684\uff0c\u6709\u5404\u79cd\u65b0\u7684\u9879\u76ee\u548c\u6280\u672f\u6311\u6218\u7b49\u5f85\u7740\u4f60\u3002 \u5982\u679c\u4f60\u5bf9\u57fa\u7840\u6280\u672f\u611f\u5174\u8da3\uff0c\u540c\u65f6\u5bf9\u91d1\u878d\u884c\u4e1a\uff0f\u4e92\u8054\u7f51\u611f\u5174\u8da3\uff0c\u8fd9\u91cc\u5c31\u662f\u4f60\u7684\u4e0d\u4e8c\u4e4b\u9009\u3002 \r\n\r\n\u8682\u8681\u91d1\u670d\u57fa\u7840\u6280\u672f\u90e8-\u901a\u4fe1\u4e2d\u95f4\u4ef6\u7ec4\uff0c\u4e3b\u8981\u7814\u53d1\u57fa\u7840\u901a\u4fe1\u7ec4\u4ef6\uff0c\u5f02\u6b65\u901a\u4fe1\u4ea7\u54c1\uff0c\u4ee5\u53ca\u5404\u79cd\u4e3a\u4e86\u89e3\u51b3\u4e1a\u52a1\u95ee\u9898\u7684\u4e00\u4e9b\u4e13\u9879\u4e2d\u95f4\u4ef6(\u8fd9\u4e9b\u53ef\u80fd\u662f\u8682\u8681\u7279\u5b9a\u4e1a\u52a1\u573a\u666f\uff0c\u4ee5\u53ca\u5230\u4e86\u5982\u4eca\u8fd9\u6837\u7684\u89c4\u6a21\u624d\u4f1a\u78b0\u5230\u7684\u95ee\u9898\uff0c\u5bf9\u6280\u672f\u7814\u53d1\u4eba\u5458\uff0c\u5145\u6ee1\u6311\u6218\u7684\u4e50\u8da3)\u3002\u7ec4\u91cc\u76ee\u524d\u4eba\u8fd8\u4e0d\u591a\uff0c\u6240\u4ee5\u52a0\u5165\u540e\u53ef\u4ee5\u4ece\u6838\u5fc3\u7684\u4e8b\u60c5\u505a\u8d77\uff08\u5373\u4fbf\u662f\u5b9e\u4e60\u4e5f\u662f\uff09\u3002\u7814\u53d1\u6a21\u5f0f\u4e3b\u8981\u662f\u81ea\u6211\u9a71\u52a8\uff0c\u654f\u6377\u5f00\u53d1\uff0c\u65e0\u6d4b\u8bd5\u65e0\u524d\u7aef\uff0c\u5f00\u53d1\u4e0d\u4ec5\u8981\u5bf9\u4f60\u7684\u4ee3\u7801\u8d1f\u8d23\uff0c\u6574\u4e2a\u4ea7\u54c1\u7684lifecycle\u90fd\u8981\u53c2\u4e0e\u3002\r\n\r\n\u5de5\u4f5c\u5730\u70b9\u4e0e\u65f6\u95f4\r\n\r\n\u676d\u5dde\r\n\r\n\u5b9e\u4e60\u751f\u57fa\u672c\u8981\u6c42\r\n\r\n- \u57fa\u7840\u624e\u5b9e: \u7f16\u7a0b\u6280\u672f\uff0c\u57fa\u7840\u6570\u636e\u7ed3\u6784\uff0c\u57fa\u7840\u7b97\u6cd5\uff0c\u8ba1\u7b97\u673a\u64cd\u4f5c\u7cfb\u7edf\uff0c\u8ba1\u7b97\u673a\u7f51\u7edc\u7b49\r\n\r\n- \u57fa\u672c\u7684\u8f6f\u4ef6\u5f00\u53d1\u5de5\u5177\u6216\u8005\u8ba1\u7b97\u673a\u6280\u672f\u9700\u8981\u719f\u6089: eclipse/intellij idea/git/markdown/vim/linux-ssh\u7b49\r\n\r\n- \u6709\u4e00\u5b9a\u7684\u7ecf\u9a8c\uff08\u7f16\u7801\u7ecf\u9a8c\uff0clinux\u7ecf\u9a8c\uff0c\u9879\u76ee\u7ecf\u9a8c\uff09\r\n\r\n- \u7f16\u7801\u7ecf\u9a8c: \u9700\u8981\u6709java\uff0c\u811a\u672c\uff08python, shell)\u7b49\u7684\u7f16\u7a0b\u7ecf\u9a8c\r\n\r\n- linux\u7ecf\u9a8c: \u5e73\u65f6\u6709\u4f7f\u7528linux\u7cfb\u7edf\u7684\u7ecf\u9a8c\uff08\u6216\u8005\u5176\u4ed6\u7c7blinux\u7cfb\u7edf\u5982mac\uff09\r\n\r\n- \u9879\u76ee\u7ecf\u9a8c: \u516c\u53f8\u5b9e\u4e60\uff0f\u5b9e\u9a8c\u5ba4\u9879\u76ee\uff0f\u6bd5\u8bbe\u9879\u76ee\uff0f\u6bd4\u8d5b\u9879\u76ee\u90fd\u53ef\u4ee5\uff0c\u4f46\u5e0c\u671b\u4f60\u901a\u8fc7\u8fd9\u4e9b\u9879\u76ee\uff0c\u5bf9\u5f00\u6e90\u793e\u533a\u7684\u9879\u76ee\u6709\u4e00\u5b9a\u7684\u4e86\u89e3\u6216\u8005\u501f\u9274\u7ecf\u9a8c\uff0c\u4e86\u89e3\u7a0b\u5ea6\u8d8a\u6df1\u8d8a\u597d\u3002\r\n\r\n- \u81ea\u6211\u9a71\u52a8\uff0c\u7ec6\u5fc3\u806a\u660e\uff0c\u5584\u4e8e\u8ba1\u5212\u5e76\u603b\u7ed3(\u8fd9\u4e09\u4e2a\u8981\u6c42\u4e0d\u662f\u7a7a\u8bdd\u5957\u8bdd\uff0c\u5e0c\u671b\u4f60\u8ba4\u771f\u601d\u8003\u5e73\u5b9e\u7684\u5b66\u4e60\uff0f\u505a\u4e8b\u4e60\u60ef\u662f\u5426\u7b26\u5408)\r\n\r\n- \u5b9e\u9645\u7684\u5de5\u4f5c\u4e2d\uff0c\u78b0\u5230\u5404\u79cd\u5404\u6837\u7684\u95ee\u9898\u662f\u4e0d\u53ef\u907f\u514d\u7684\u3002\u4f46\u5e0c\u671b\u4f60\u80fd\u591f\u81ea\u6211\u9a71\u52a8\u5730\u901a\u8fc7\u5404\u79cd\u811a\u672c\uff0c\u5f00\u6e90\u5de5\u5177\uff0c\u521b\u65b0\u7684\u65b9\u6cd5\u6765\u89e3\u51b3\u95ee\u9898\uff0c\u63d0\u5347\u6548\u7387\u3002\uff08\u7a0b\u5e8f\u5458\u90fd\u662f\u61d2\u60f0\u7684\uff0c\u4e5f\u5e0c\u671b\u4f60\u80fd\u7406\u89e3\u5e76\u5b9e\u8df5\u8fd9\u53e5\u8bdd\uff09\r\n\r\n\u5b9e\u4e60\u751f\u52a0\u5206\u9879\r\n\r\n\u5f00\u6e90\u9879\u76ee\uff0c\u5728\u5982\u4e0b\u5217\u8868\u4e2d\uff0c\u67091\uff5e2\u4e2a\u4e86\u89e3\u5373\u53ef\uff0c\u4e86\u89e3\u7a0b\u5ea6\u8d8a\u6df1\u8d8a\u597d\u3002\r\n\r\n- \u6d88\u606f\u4e2d\u95f4\u4ef6\u7c7b: rocketmq,kafka,activemq,rabbitmq,pulsar\u7b49\u6d88\u606f\u4e2d\u95f4\u4ef6\u9879\u76ee\r\n\r\n- \u5176\u4ed6\u76f8\u5173\u4ea7\u54c1: zookeeper,dubbo,grpc,netty/mina\u7b49\u7814\u53d1\u6d88\u606f\u4e2d\u95f4\u4ef6\uff0c\u53ef\u80fd\u4f1a\u7528\u5230\u7684\u9879\u76ee\u3002\r\n\r\ndevops\u7ecf\u9a8c\r\n\r\n- \u5bf9devops\u6709\u4e00\u5b9a\u4e86\u89e3\u6216\u8005\u5b9e\u8df5\u7ecf\u9a8c\uff0c\u4e5f\u53ef\u4ee5\u52a0\u5206\uff0c\u6bd4\u5982ansible,puppet,chef,docker/vagrant/virtualbox,jenkins,hudson\u7b49\r\n\r\n\u5168\u6808\u7ecf\u9a8c\r\n\r\n- \u80fd\u591f\u5728\u9700\u8981\u7684\u65f6\u5019\uff0c\u7f16\u5199\u524d\u7aef\uff0c\u4e86\u89e3html/css/js\u57fa\u7840\uff0c\u5bf9\u524d\u7aef\u6846\u67b6\u6709\u4e00\u5b9a\u4e86\u89e3\u4e5f\u66f4\u597d,\u6bd4\u5982react,redux,angular\u7b49\u3002\r\n\r\n\u7b80\u5386\u53d1\u5230\u8fd9\u91cc\r\n\r\n\u671f\u5f85\u4e0e\u4f60\u7684\u5408\u4f5c\u3002 \u8054\u7cfb\u90ae\u7bb1: alexstocks@foxmail.com", "request_num": 15, "accept_num": 0, "deadline": "2019-05-31", "post_time": "2019-05-08T19:20:23.291", "if_end": false, "poster": 3, "image": "img/post/example/1.jpg", "is_imported": true}}, {"model": "demand.post", "pk": 12, "fields": {"title": "\u6311\u6218\u676f\uff08\u53ef\u4ee5\u5305\u62ec\u51af\u5982\u676f\uff09", "post_detail": "\u62db\u52df\u4e00\u4e2a\u961f\u53cb\u5171\u540c\u53c2\u52a0\u6311\u6218\u676f\uff08\u53ef\u4ee5\u5305\u62ec\u51af\u5982\u676f\uff09\uff0c\u6307\u5bfc\u8001\u5e08\u738b\u9759\u8fdc\u3002\u4e3b\u8981\u5e0c\u671b\u80fd\u591f\u4ece\u4e8bPPT\u5236\u4f5c\uff0c\u4ece\u5bb9\u9762\u5bf9\u6f14\u8bb2\u548c\u7b54\u8fa9\u7684\u540c\u5b66\u3002\u9879\u76ee\u4ee5\u5b9e\u9a8c\u5ba4\u9879\u76ee\u4e3a\u5951\u673a\uff0c\u5df2\u57fa\u672c\u6210\u578b\u3002\u5305\u542b\u6570\u636e\u5e93\u6f14\u793a\u5e73\u53f0\u548c\u591a\u9879\u6280\u672f\u8bba\u6587\u548c\u4e13\u5229\u3002\uff08\u6311\u6218\u676f\u5c5e\u4e8e\u5317\u822a\u4fdd\u7814\u52a0\u5206\u9879\u76ee\u4e4b\u4e00\u3002\uff09", "request_num": 1, "accept_num": 0, "deadline": "2019-05-27", "post_time": "2019-05-08T19:21:49.195", "if_end": false, "poster": 3, "image": "img/post/12.jpg", "is_imported": true}}, {"model": "demand.post", "pk": 13, "fields": {"title": "17\u7ea7\u5317\u4eac\u5b66\u9662\u62db\u6536OS\u52a9\u6559", "post_detail": "17\u7ea7\u5317\u4eac\u5b66\u9662\u62db\u6536OS\u52a9\u6559\uff1a\u9700\u901a\u8fc7OS\u7533\u4f18\u7b54\u8fa9\u3002\u5185\u5bb9 \u6bcf\u5468\u4e00\u6b21OS\u8f85\u5bfc\uff0c\u4e00\u6b212-3\u5c0f\u65f6\uff0c\u5177\u4f53\u65f6\u95f4\u53ef\u534f\u5546\uff0c\u5730\u70b9\u6c99\u6cb3\u3002\u4e00\u6b21300\u5143\u916c\u52b3\u3002\u97007\u4eba\uff0c\u6709\u610f\u8005\u8054\u7cfb\u5fae\u4fe118600528099", "request_num": 5, "accept_num": 0, "deadline": "2019-05-23", "post_time": "2019-05-08T19:22:03.896", "if_end": false, "poster": 7, "image": "img/post/13.jpg", "is_imported": true}}, {"model": "demand.post", "pk": 14, "fields": {"title": "\u5bbd\u51f3\u79d1\u62802019\u6625\u5b63\u6821\u56ed\u62db\u8058", "post_detail": "\u201cAI\u7684\u5c31\u662f\u4f60\uff0c\u51f3DE\u8fd8\u662f\u4f60?\u201d---\u5bbd\u51f3\u79d1\u62802019\u6625\u5b63\u6821\u56ed\u62db\u8058\u706b\u70ed\u542f\u52a8\uff01\uff01\u4eba\u5de5\u667a\u80fd-\u81ea\u52a8\u9a7e\u9a76\u660e\u661f\u516c\u53f8/IDG\u8d44\u672c\u9886\u6295\uff01\r\n\u6280\u672f/\u5927\u6570\u636e\u7b97\u6cd5/\u4ea7\u54c1/\u5e02\u573a\u591a\u7c7b\u5c97\u4f4d\u865a\u4f4d\u4ee5\u5f85\uff01\u5b9e\u4e60\u671f\u85aa\u8d44\uff1a300-500\u5143/\u5929\r\n\u6bd5\u4e1a\u540e\u5165\u804c\u85aa\u8d44\uff1a \u5e73\u5747\u5e74\u85aa\u7ea630\u4e07\u8d77\uff0c\u4e0a\u4e0d\u5c01\u9876\r\n\u798f\u5229\u5f85\u9047\uff1a\u4e03\u9669\u4e00\u91d1\uff0c\u80a1\u7968\u671f\u6743\uff0c14\u85aa\uff0c\u9910\u8865\uff0c\u4e0b\u5348\u8336\uff0c\u5e74\u7ec8\u5956\uff0c\u514d\u8d39\u5065\u8eab\u623f\uff08\u745c\u4f3d+\u6e38\u6cf3\u9986\uff09\uff0c\u514d\u8d39\u96f6\u98df\uff0c\u5b9a\u671f\u56e2\u5efa\u7b49\u3002\r\n\u5907\u6ce8\uff1a\u6b64\u6b21\u6821\u62db\u4e3b\u8981\u9762\u54112019\u5c4a\u548c2020\u5c4a\u7684\u540c\u5b66\r\n\u611f\u5174\u8da3\u7684\u5c0f\u54e5\u54e5\u5c0f\u59d0\u59d0\uff0c\u5feb\u901f\u62a5\u540d\u6233\u6233\u6233", "request_num": 20, "accept_num": 0, "deadline": "2019-05-31", "post_time": "2019-05-08T19:22:39.323", "if_end": false, "poster": 3, "image": "img/post/14.jpg", "is_imported": true}}, {"model": "demand.post", "pk": 15, "fields": {"title": "ios\u5f00\u53d1", "post_detail": "\u8bf7\u95ee\u6709\u6ca1\u6709\u719f\u6089ios\u5f00\u53d1\u7684\u540c\u5b66\uff0c\u6709\u5e2e\u5fd9\u51fa\u9898\u7684\u9700\u6c42\uff0c\u8f83\u9ad8\u52b3\u52a1\u3002\r\n\u6709\u5174\u8da3\u53ef\u8054\u7cfb\u5fae\u4fe1Angus_2382971319 \u8be6\u8c08\u3002", "request_num": 1, "accept_num": 0, "deadline": "2019-05-23", "post_time": "2019-05-08T19:22:54.063", "if_end": false, "poster": 3, "image": "img/post/15.jpg", "is_imported": true}}, {"model": "demand.post", "pk": 16, "fields": {"title": "\u5fae\u8f6f\u4e9a\u6d32\u7814\u7a76\u9662\u5b9e\u4e60\u751f\u62db\u8058", "post_detail": "\u5fae\u8f6f\u4e9a\u6d32\u7814\u7a76\u9662\u5b9e\u4e60\u751f\u62db\u8058\r\n\u5c97\u4f4d\uff1a\u3010\u81ea\u7136\u8bed\u8a00\u8ba1\u7b97\u7ec4-\u5168\u804c\u5b9e\u4e60\u751f\u3011\r\n \r\n1\u3001\u804c\u4f4d\u8981\u6c42\uff1a\r\n- \u5177\u5907\u826f\u597d\u7684\u7f16\u7a0b\u80fd\u529b\u548c\u5de5\u7a0b\u843d\u5730\u80fd\u529b\uff1b \r\n- \u8f83\u5f3a\u7684\u6c9f\u901a\u80fd\u529b\u548c\u903b\u8f91\u8868\u8fbe\u80fd\u529b\uff1b\r\n- \u80fd\u4fdd\u8bc1\u81f3\u5c116\u4e2a\u6708\u7684\u5b9e\u4e60\u671f\uff0c\u80fd\u591f\u5c3d\u5feb\u5165\u804c\u3002\r\n \r\n2\u3001\u5177\u6709\u4ee5\u4e0b\u6761\u4ef6\u8005\u4f18\u5148\uff1a\r\n- \u719f\u6089\u5e38\u89c1\u7684\u6570\u636e\u7ed3\u6784\u548c\u7b97\u6cd5\uff0c\u6709Web\u5f00\u53d1\u7ecf\u9a8c\uff0c\u719f\u6089\u4e3b\u6d41\u5f00\u53d1\u6846\u67b6\u8005\u4f18\u5148\uff1b\r\n- \u719f\u7ec3\u638c\u63e1\u6df1\u5ea6\u5b66\u4e60\u548cNLP\u76f8\u5173\u6280\u672f\u4ee5\u53ca\u76f8\u5173\u5de5\u5177\uff08TensorFlow, PyTorch\u7b49\uff09\u4f18\u5148\u3002\r\n \r\n3\u3001\u798f\u5229\u5f85\u9047\uff1a\r\n- \u56fd\u5185\u9886\u5148\u7684\u5b9e\u4e60\u751f\u5f85\u9047\uff0c\u5f39\u6027\u5de5\u4f5c\u65f6\u95f4\uff1b\r\n- \u4e0e\u4e00\u6d41\u7814\u7a76\u5c0f\u7ec4\u548c\u7814\u7a76\u5458\u5171\u540c\u5b8c\u6210\u9879\u76ee\u7684\u673a\u4f1a\uff1b\u3002\r\n- \u5b8c\u6210\u5ea6\u8f83\u9ad8\u7684\u5de5\u4f5c\u53ef\u4ee5\u51dd\u7ec3\u4e3a\u5b66\u672f\u8bba\u6587\u3002\r\n\r\n\u5de5\u4f5c\u5730\u70b9\uff1a\u5317\u4eac\u5e02\u6d77\u6dc0\u533a\u4e39\u68f1\u88575\u53f7\r\n \u5982\u6709\u610f\u5411\u8bf7\u53d1\u3010\u4e2d\u6587\u7b80\u5386PDF\u3011\u81f3\uff1av-liche4@microsoft.com \r\n \u90ae\u4ef6\u6807\u9898&\u7b80\u5386PDF\u6587\u4ef6\u540d\u683c\u5f0f: \u4e13\u4e1a-\u59d3\u540d-\u5b66\u6821-\u672c|\u7855|\u535a-\u5e74\u7ea7", "request_num": 15, "accept_num": 0, "deadline": "2019-05-31", "post_time": "2019-05-08T19:23:18.267", "if_end": false, "poster": 7, "image": "img/post/16.jpg", "is_imported": true}}, {"model": "demand.post", "pk": 17, "fields": {"title": "\u6e05\u534e\u5927\u5b66\u8ba1\u7b97\u673a\u7cfb \u7814\u53d1\u5b9e\u4e60\u751f", "post_detail": "\u6e05\u534e\u5927\u5b66\u8ba1\u7b97\u673a\u7cfb \u7814\u53d1\u5b9e\u4e60\u751f\u9700\u6c42\uff1a1\u540d\r\n\u5c97\u4f4d\u804c\u8d23\uff1a\r\n\u57fa\u4e8e\u5df2\u6709\u767e\u4e07\u89c4\u6a21\u7684\u83dc\u8c31\u6570\u636e\u53ca\u539f\u6750\u6599-\u8425\u517b\u6210\u5206\u6620\u5c04\u8868\uff0c\u7814\u53d1\u8425\u517b\u8ba1\u7b97\u5e73\u53f0\uff0c\u81ea\u52a8\u8ba1\u7b97\u4e0d\u540c\u83dc\u8c31\u7684\u8425\u517b\u6210\u5206\uff0c\u5e76\u4e3a\u7279\u5b9a\u4eba\u7fa4\u63a8\u8350\u4e0d\u540c\u7684\u83dc\u8c31\u7ec4\u5408\u3002\u5177\u4f53\u5185\u5bb9\u5305\u62ec\uff1a\r\n1. \u591a\u6765\u6e90\u83dc\u8c31\u6570\u636e\u96c6\u6210\uff1b\r\n2.\u83dc\u8c31\u6570\u636e\u5e93\u7ba1\u7406\uff1b\r\n3. \u83dc\u8c31\u4e2d\u539f\u6750\u6599\u4fe1\u606f\u81ea\u52a8\u63d0\u53d6\uff1b\r\n4. \u7cfb\u7edf\u754c\u9762\u5c55\u793a\uff1a\u641c\u7d22\u83dc\u8c31\uff0c\u83dc\u8c31\u8425\u517b\u6210\u5206\u5c55\u793a\uff0c\u7279\u5b9a\u4eba\u7fa4\u5386\u53f2\u6444\u5165\u8425\u517b\u6210\u5206\u8ddf\u8e2a\u56fe\uff0c\u7279\u5b9a\u4eba\u7fa4\u63a8\u8350\u83dc\u8c31\u7ec4\u5408\u7b49\u3002\r\n?\r\n\u804c\u4f4d\u8981\u6c42\uff1a\r\n1. \u7f16\u7a0b\u80fd\u529b\u5f3a\uff0c\u719f\u7ec3\u638c\u63e1\u81f3\u5c11\u4e00\u79cd\u540e\u7aef\u7f16\u7a0b\u8bed\u8a00\uff0c\u5982Go\uff0cJava\uff0cPython\u6216C++\u7b49\uff1b\r\n2. \u719f\u6089\u524d\u7aef\u7f16\u7a0b\uff0c\u719f\u6089HTML\uff0cCSS\uff0cJavascript\u3002\u6709React\u7f16\u7a0b\u7ecf\u9a8c\u8005\u4f18\u5148\uff1b\r\n3. \u719f\u6089MongoDB\uff0c Mysql\u7b49\u6570\u636e\u5e93\uff1b\r\n4. \u6709\u4e00\u5b9a\u7684\u7b97\u6cd5\u57fa\u7840\uff0c\u6709\u8bbe\u8ba1\u548c\u5b9e\u73b0\u7b80\u5355\u7b97\u6cd5\u7684\u80fd\u529b\uff1b\r\n5. \u79ef\u6781\u4e3b\u52a8\u7684\u5b66\u4e60\u6001\u5ea6\u3002\r\n6. \u5750\u73ed\u3001\u6216\u8fdc\u7a0b\u5747\u53ef\u3002\r\n\r\n\u8bf7\u611f\u5174\u8da3\u7684\u540c\u5b66\u53d1\u90ae\u7bb1\u7ed9\u674e\u8001\u5e08\uff1a 2912683107@qq.com", "request_num": 1, "accept_num": 0, "deadline": "2019-05-29", "post_time": "2019-05-08T19:24:08.808", "if_end": false, "poster": 3, "image": "img/post/17.jpg", "is_imported": true}}, {"model": "demand.post", "pk": 18, "fields": {"title": "\u8f6f\u4ef6\u5de5\u7a0b\u6b27\u9633\u8001\u5e08\u4e0b\u5348\u73ed", "post_detail": "\u8f6f\u4ef6\u5de5\u7a0b\u6b27\u9633\u8001\u5e08\u4e0b\u5348\u73ed\u9879\u76ee\u5bfb\u6c42\u7ec4\u961f\u4e86\uff01\r\n\u6211\u4eec\u76ee\u524d\u5df2\u6709\u56db\u4f4d\u6210\u5458\uff0c\u8fd8\u9700\u8981\u4e24\u4f4ddalao\u6765\u52a0\u5165\u6211\u4eec\u4e00\u8d77\u5b8c\u6210\u8fd9\u4e2a\u5b66\u671f\u7684\u9879\u76ee\u3002\u6211\u4eec\u662f\u5f88\u5e73\u6c11\u7684\u4e00\u4e2a\u5c0f\u7ec4\uff0c\u4e0d\u4f1a\u8ffd\u6c42\u6781\u9650\u6216\u5b8c\u7f8e\uff0c\u4f46\u90fd\u4f1a\u5c3d\u804c\u5c3d\u8d23\u5b8c\u6210\u5206\u914d\u7684\u5de5\u4f5c\u8ba9\u5927\u5bb6\u6700\u7ec8\u90fd\u80fd\u9ad8\u6548\u83b7\u5f97\u4e00\u4e2a\u7406\u60f3\u7684\u5206\u6570\u3002\u5982\u679c\u80fd\u591f\u4fdd\u8bc1\u5e73\u548c\u7684\u5fc3\u6001\u548c\u5145\u8db3\u7684\u65f6\u95f4\u7684\u8bdd\uff0c\u76f8\u4fe1\u6211\u4eec\u4e00\u5b9a\u80fd\u591f\u5728\u8fd9\u4e2a\u5b66\u671f\u4e4b\u5185\u5404\u53d6\u6240\u9700\u5408\u4f5c\u6109\u5feb\u7684\uff5e\u80fd\u529b\u4e0d\u662f\u5173\u952e\uff0c\u53ea\u8981\u6709\u4e92\u5e2e\u4e92\u52a9\u610f\u8bc6\u548c\u65f6\u95f4\uff0c\u76f8\u4fe1\u6211\u4eec\u4e00\u5b9a\u80fd\u4e00\u8d77\u8fdb\u6b65\u62ff\u4e0b\u8fd9\u95e8\u8bfe\u7a0b\uff5e\r\n\ue409\u6709\u610f\u8005\u8bf7\u79c1\u804a\u8054\u7cfb\u54e6\uff5e", "request_num": 2, "accept_num": 0, "deadline": "2019-03-05", "post_time": "2019-05-08T19:24:27.807", "if_end": false, "poster": 3, "image": "img/post/18.jpg", "is_imported": true}}, {"model": "demand.post", "pk": 19, "fields": {"title": "\u5b57\u8282\u8df3\u52a8-\u6821\u56ed\u5927\u4f7f\u62db\u52df", "post_detail": "\u3010\u5b57\u8282\u8df3\u52a8\uff08\u6296\u97f3\u3001\u4eca\u65e5\u5934\u6761\u6bcd\u516c\u53f8\uff09-\u6821\u56ed\u5927\u4f7f\u62db\u52df\u3011\r\n\u3010\u804c\u4f4d\u63cf\u8ff0\u3011\uff1a\r\n1.\u8fdb\u884c\u516c\u53f8\u79cb\u62db/\u6625\u62db\u7684\u8c03\u7814\u3001\u7b56\u5212\u3001\u5ba3\u4f20\u4ee5\u53ca\u73b0\u573a\u534f\u52a9\u5de5\u4f5c\uff1b\r\n2.\u901a\u8fc7\u5404\u6821\u56ed\u6e20\u9053\u5bfb\u8bbf\u5019\u9009\u4eba\uff0c\u8bc4\u4f30\u4eba\u624d\u5e76\u5411\u516c\u53f8\u63a8\u8350\u5019\u9009\u4eba\uff1b\r\n3.\u5efa\u7acb\u5b57\u8282\u8df3\u52a8\u6821\u56ed\u793e\u7fa4\uff0c\u53ca\u65f6\u53d1\u5e03\u76f8\u5173\u5b9e\u4e60\u4fe1\u606f\u5e76\u5ba3\u4f20\u6625/\u79cb\u62db\u5ba3\u8bb2\u4f1a\uff1b\r\n4.\u81ea\u4e3b\u4e3e\u529e\u81f3\u5c11\u4e00\u6b21\u7ebf\u4e0a\u6216\u7ebf\u4e0b\u54c1\u724c\u9732\u51fa\u6d3b\u52a8\uff0c\u8d1f\u8d23\u6839\u636e\u5e74\u5ea6\u6280\u672f\u54c1\u724c\u8f93\u51fa\u4e3b\u9898\u5236\u5b9a\u6d3b\u52a8\u65b9\u6848\uff0c\u5305\u62ec\u4e0d\u9650\u4e8e\u6280\u672f\u8bb2\u5ea7\u3001\u6c99\u9f99\u7b49\uff1b\r\n5.\u4f20\u627f\u516c\u53f8\u6587\u5316\uff0c\u53d1\u626c\u4ef7\u503c\u89c2\uff0c\u5efa\u8bbe\u6c9f\u901a\u6e20\u9053\uff0c\u4fdd\u8bc1\u7ec4\u7ec7\u7684\u6301\u7eed\u5065\u5eb7\u6210\u957f\u3002\r\n\u3010\u804c\u4f4d\u8981\u6c42\u3011\uff1a\r\n1.\u5728\u6821\u671f\u95f4\u4e0d\u7518\u5e73\u5eb8\uff0c\u60f3\u4e86\u89e3\u5b57\u8282\u8df3\u52a8\u516c\u53f8\u5e76\u6709\u53bb\u5b57\u8282\u8df3\u52a8\u516c\u53f8\u5de5\u4f5c\u7684\u60f3\u6cd5\uff1b\r\n2.20\u5c4a\u672c\u7855\u6bd5\u4e1a\u751f\u6216\u5373\u5c06\u8bfb\u7814\u6df1\u9020\u7684\u540c\u5b66\u4f18\u5148\uff1b\r\n3.\u6709\u6781\u5f3a\u7684\u6c9f\u901a\u4e0e\u4ea4\u9645\u80fd\u529b\uff0c\u4f18\u79c0\u7684\u81ea\u9a71\u80fd\u529b\u4e0e\u6297\u538b\u80fd\u529b\uff1b\r\n4.\u81f3\u5c11\u62c5\u4efb\u4e00\u5b66\u671f\u6821\u56ed\u5927\u4f7f\uff0c\u80fd\u62c5\u4efb\u4e00\u5b66\u5e74\u4ee5\u4e0a\u8005\u4f18\u5148\u3002\r\n\u3010\u516c\u53f8\u798f\u5229\u3011\r\n1.\u63d0\u4f9b\u85aa\u8d44\u8865\u8d34\uff08\u6625\u62db/\u79cb\u62db\u8fbe\u5230\u9884\u671f\u6548\u679c\uff09\r\n2.\u6821\u56ed\u5927\u4f7f\u8bc1\u4e66\uff08\u7b2c\u4e8c\u5b66\u671f\u9881\u53d1\uff09\r\n3.\u5185\u63a8\u673a\u4f1a\u3001\u6821\u62db\u4f18\u5148\u7b5b\u9009\u673a\u4f1a\r\n4.\u4f18\u79c0\u6821\u56ed\u5927\u4f7f\u524d\u4e09\u540d\u76f4\u63a5\u83b7\u5f97\u5b9e\u4e60offer\r\n5.\u4f18\u79c0\u6821\u56ed\u5927\u4f7f\u5956\u52b1\u5bd2\u6691\u5047\u603b\u90e8\u53c2\u89c2\u673a\u4f1a\r\n\u3010\u7533\u8bf7\u65b9\u5f0f\u3011\r\n\u53d1\u9001\u4e2a\u4eba\u7b80\u5386\u5230\r\n1627496987@qq. com\u7533\u8bf7\u8be5\u804c\u4f4d\r\n\u90ae\u4ef6\u6807\u9898\u4e3a:\u5b66\u6821+\u59d3\u540d+\u7535\u8bdd\r\n\u622a\u6b62\u65f6\u95f4\uff1a2019\u5e742\u670810\u65e5", "request_num": 15, "accept_num": 0, "deadline": "2019-02-10", "post_time": "2019-05-08T19:24:57.086", "if_end": false, "poster": 3, "image": "img/post/19.jpg", "is_imported": true}}, {"model": "demand.post", "pk": 20, "fields": {"title": "\u5546\u6c64\u7814\u7a76\u9662-\u57fa\u7840\u6280\u672f\u4e0e\u5de5\u5177\u7ec4", "post_detail": "\u5546\u6c64\u7814\u7a76\u9662-\u57fa\u7840\u6280\u672f\u4e0e\u5de5\u5177\u7ec4\uff0c\u62db\u8058\u7cfb\u7edf\u65b9\u5411\u7684\u89c1\u4e60\u7814\u7a76\u5458\r\n\u8981\u6c42\uff1a\r\n1\u3001\u8ba1\u7b97\u673a/\u8f6f\u4ef6\u5de5\u7a0b/\u6570\u5b66\u4e13\u4e1a\u7684\u5728\u8bfb\u5b66\u751f\r\n2\u3001\u5bf9\u64cd\u4f5c\u7cfb\u7edf/\u7f16\u8bd1\u539f\u7406/\u4f53\u7cfb\u7ed3\u6784\u6709\u8f83\u597d\u7684\u8ba4\u8bc6\r\n3\u3001\u5bf9\u6280\u672f\u6709\u70ed\u60c5\uff0c\u6709\u8ffd\u6c42\uff0c\u6ce8\u91cd\u4ee3\u7801\u89c4\u8303\r\n4\u3001\u719f\u6089c/c++\u8bed\u8a00\uff0c\u5bf9\u5176\u8fd0\u884c\u65f6\u548c\u7f16\u8bd1\u6280\u672f\u6709\u6d53\u539a\u5174\u8da3\r\n4\u3001\u559c\u6b22\u51fd\u6570\u5f0f\u8bed\u8a00\u8005\u4f18\u5148\r\n5\u3001\u6709acm/\u8d85\u7b97\u7ade\u8d5b\u7ecf\u9a8c\u8005\u4f18\u5148\r\n\u4efb\u804c\u5de5\u4f5c\uff1a\r\n1\u3001\u63a2\u7a76\u57fa\u4e8e\u7f16\u8bd1\u6280\u672f/\u865a\u62df\u673a\u4e0b\u4e00\u4ee3\u6df1\u5ea6\u5b66\u4e60\u7b97\u6cd5\u90e8\u7f72\u65b9\u6848\r\n2\u3001\u5f00\u53d1\u57fa\u4e8e\u52a8\u6001\u8bed\u8a00\u7684\u6df1\u5ea6\u5b66\u4e60\u90e8\u7f72\u65b9\u6848\r\n3\u3001\u5c06\u6280\u672f\u5728\u667a\u80fd\u89c6\u9891\u56fe\u50cf\u5206\u6790\u9886\u57df\uff08\u68c0\u6d4b\u3001\u8ddf\u8e2a\u3001\u8bc6\u522b\u3001\u5c5e\u6027\uff09\u8fdb\u884c\u843d\u5730\r\n4\u3001\u8fdb\u884c\u9488\u5bf9\u7279\u5b9a\u67b6\u6784\u7684\u81ea\u52a8\u8ba1\u7b97\u6838\u5fc3\u4f18\u5316\uff08\u57fa\u4e8eRL/\u4f18\u5316\u7b97\u6cd5\uff09\r\n\r\n\u6211\u4eec\u6709\u5b8c\u5584\u7684\u798f\u5229\u7cfb\u7edf\uff0c\u5f39\u6027\u5de5\u4f5c\u5236\u5ea6\uff0c\u8868\u73b0\u4f18\u5f02\u8005\u6708\u85aa\u53ef\u4ee55\u4f4d\u6570\u3002\u6709\u8f6c\u6b63\u673a\u4f1a\uff0c\u5e76\u53ef\u4ee5\u4f18\u5148\u63a8\u8350\u5230cuhk/\u6089\u5c3c\u79d1\u6280\u5927\u5b66/\u65b0\u52a0\u5761\u56fd\u7acb\u5927\u5b66\u8fdb\u884cphd/ms\u6df1\u9020\u673a\u4f1a\u3002\u6709\u610f\u8005\u8bf7\u53d1\u7b80\u5386\u5230yufengwei@sensetime.com\uff0c\u672c\u62db\u8058\u957f\u671f\u6709\u6548\u3002", "request_num": 20, "accept_num": 0, "deadline": "2019-05-24", "post_time": "2019-05-08T19:25:16.147", "if_end": false, "poster": 7, "image": "img/post/20.jpg", "is_imported": true}}, {"model": "demand.post", "pk": 21, "fields": {"title": "\u767e\u5ea6\u667a\u80fd\u4e91\u6280\u672f\u4e00\u90e8\u62db\u52df\u516c\u6709\u4e91\u7814\u53d1\u5b9e\u4e60\u751f", "post_detail": "\u767e\u5ea6\u667a\u80fd\u4e91\u6280\u672f\u4e00\u90e8\u62db\u52df\u516c\u6709\u4e91\u7814\u53d1\u5b9e\u4e60\u751f\uff1a\r\n\r\n1\u3001\u5c97\u4f4d\u804c\u8d23\uff1a\r\n1.\u8d1f\u8d23 CDN \u63a5\u5165\u7cfb\u7edf\u76f8\u5173\u7684\u6a21\u5757\u5f00\u53d1\u548c\u6027\u80fd\u4f18\u5316\uff1b\r\n2.\u4fdd\u969c CDN \u63a5\u5165\u670d\u52a1\u9ad8\u53ef\u7528\u548c\u6027\u80fd\u8981\u6c42\uff1b\r\n3.\u7406\u89e3\u5ba2\u6237\u4e1a\u52a1\u9700\u6c42\uff0c\u987a\u5229\u652f\u6301\u5ba2\u6237\u529f\u80fd\u4e0a\u7ebf\u548c\u540e\u671f\u7ef4\u62a4\uff1b\r\n\r\n\u4efb\u804c\u8981\u6c42\uff1a\r\n1.\u719f\u6089 Linux C/C++ \u7f16\u7a0b\uff1b\r\n2.\u719f\u6089 TCP/IP \u534f\u8bae\uff0c\u638c\u63e1 Socket \u7f16\u7a0b\uff0c\u6df1\u5165\u7406\u89e3\u591a\u8fdb\u7a0b\u3001\u591a\u7ebf\u7a0b\u3001\u7f51\u7edc\u6a21\u578b\uff1b\r\n3.\u719f\u6089 Nginx\uff0c\u6709\u6a21\u5757\u5f00\u53d1\u7ecf\u9a8c\u6216\u8005 openresty lua \u5f00\u53d1\u7ecf\u9a8c\uff1b\r\n4.\u79ef\u6781\u4e3b\u52a8\uff0c\u6709\u826f\u597d\u7684\u5b66\u4e60\u80fd\u529b\u548c\u534f\u4f5c\u80fd\u529b\r\n\r\n\u52a0\u5206\u9879\uff1a\r\n1.\u719f\u6089 Nginx \u6838\u5fc3\u4ee3\u7801\uff0c\u6709\u5927\u89c4\u6a21\u90e8\u7f72\u7ecf\u9a8c\u8005\u4f18\u5148\r\n2.\u719f\u6089 libevent/libev/libuv \u7b49\u7f51\u7edc\u5e93\uff0c\u5f00\u53d1\u8fc7rpc\u7cfb\u7edf\u8005\u4f18\u5148\r\n\r\n\r\n2\u3001\u5c97\u4f4d\u804c\u8d23\uff1a\r\n1.\u53c2\u4e0e\u7ba1\u63a7\u7cfb\u7edf\u7684\u6027\u80fd\u4f18\u5316\u3001\u529f\u80fd\u7814\u53d1\r\n2.\u8d1f\u8d23\u5185\u90e8\u7ba1\u7406\u5e73\u53f0\u7684\u67b6\u6784\u8bbe\u8ba1\u3001\u5efa\u8bbe\u89c4\u5212\u548c\u529f\u80fd\u7814\u53d1\r\n\r\n\u4efb\u804c\u8981\u6c42\uff1a\r\n1.\u719f\u6089\u4e00\u79cd\u6216\u591a\u79cd\u8bed\u8a00\uff0c\u5982PHP/Golang/Python/Java\u7b49\r\n2.\u719f\u6089\u8ba1\u7b97\u673a\u7f51\u7edc\u76f8\u5173\u77e5\u8bc6\uff0c\u719f\u6089\u5e38\u7528\u7f51\u7edc\u534f\u8bae\uff0c\u5982tcp/ip\u3001http\u3001dns\u7b49\r\n3.\u79ef\u6781\u4e3b\u52a8\uff0c\u6709\u826f\u597d\u7684\u5b66\u4e60\u80fd\u529b\u548c\u534f\u4f5c\u80fd\u529b\r\n\r\n\u52a0\u5206\u9879\uff1a\r\n1.\u719f\u6089web\u5f00\u53d1\uff0c\u6709\u5168\u6808\u7814\u53d1\u80fd\u529b\u4f18\u5148\r\n2.\u5bf9\u64cd\u4f5c\u7cfb\u7edf\uff0c\u4f53\u7cfb\u7ed3\u6784\u7b49\u8ba1\u7b97\u673a\u57fa\u7840\u77e5\u8bc6\u6709\u4e00\u5b9a\u7684\u7406\u89e3\u4f18\u5148\r\n3.\u719f\u6089\u7f51\u7edc\u7f16\u7a0b\u4f18\u5148\r\n\r\n\u5de5\u4f5c\u65f6\u95f4\u8981\u6c42\uff1a\r\n\u80fd\u4fdd\u8bc13-6\u4e2a\u6708\u53ca\u4ee5\u4e0a\u5b9e\u4e60\uff0c\u6bcf\u5468\u4e0d\u5c11\u4e8e\u56db\u5929\r\n\r\n\u8bf7\u5c06\u5b8c\u6574\u7b80\u5386\u53d1\u9001\u81f3\u90ae\u7bb1wang_dan@baidu.com\uff0c\u8be6\u7ec6\u4e86\u89e3\u52a0\u5fae\u4fe113141474267\uff0c\u53ef\u4ee5\u5185\u63a8", "request_num": 18, "accept_num": 0, "deadline": "2019-05-25", "post_time": "2019-05-08T19:25:45.641", "if_end": false, "poster": 3, "image": "img/post/21.jpg", "is_imported": true}}, {"model": "demand.post", "pk": 22, "fields": {"title": "\u667a\u80fd\u4fe1\u606f\u5904\u7406\u7814\u7a76\u6240\u8001\u5e08\u5de2\u6587\u6db5", "post_detail": "\u667a\u80fd\u4fe1\u606f\u5904\u7406\u7814\u7a76\u6240\u8001\u5e08\u5de2\u6587\u6db5\u62db\u8058\u81ea\u7136\u8bed\u8a00\u5904\u7406\u65b9\u5411\u5b9e\u4e60\u751f\u3002\u5b9e\u9a8c\u5ba4\u8fd1\u4e24\u5e74\u5728ACL\u3001NAACL\u3001COLING\u3001WISE\u3001IJCNN\u7b49\u56fd\u9645\u4f1a\u8bae\u4e0a\u53d1\u8868\u8bba\u6587\u591a\u7bc7\u3002\u8001\u5e08\u4eba\u597d\uff0c\u5b9e\u9a8c\u5ba4\u6c1b\u56f4\u597d\u3002\u5404\u65b9\u5411\u5747\u6709\u5b66\u957f\u5b66\u59d0\u5e26\uff0c\u53ef\u505a\u957f\u671f\u5b66\u4e60\u7814\u7a76\u3002\r\n\u5b9e\u9a8c\u5ba4\u4e3b\u8981\u7814\u7a76\u65b9\u5411\u5305\u62ec\u4f46\u4e0d\u9650\u4e8e\uff1a\r\n\u673a\u5668\u7ffb\u8bd1\uff1a\u5305\u542b\u5404\u5c0f\u8bed\u79cd\u7684\u5e73\u884c\u8bed\u6599\u83b7\u53d6\u4e0e\u6784\u5efa\u4ee5\u53ca\u795e\u7ecf\u673a\u5668\u7ffb\u8bd1\u7b97\u6cd5\u4f18\u5316\r\n\u79d1\u6280\u6587\u732e\uff1a\u9762\u5411\u79d1\u6280\u6587\u732e\u9886\u57df\u8fdb\u884c\u77e5\u8bc6\u7684\u7ed3\u6784\u5316\u8868\u793a\uff0c\u5e76\u6784\u5efa\u4e00\u7cfb\u5217\u7684\u4e0a\u5c42\u5206\u6790\u5e94\u7528\u3002\r\n\u667a\u6167\u53f8\u6cd5\uff1a\u56f4\u7ed5\u53f8\u6cd5\u9886\u57df\u7684\u5224\u51b3\u4e66\u3001\u88c1\u5b9a\u4e66\u3001\u6cd5\u5f8b\u6761\u6587\u7b49\u6570\u636e\u8fdb\u884c\u53f8\u6cd5\u667a\u80fd\u5316\u65b9\u5411\u7814\u7a76\uff0c\u5305\u62ec\u4f46\u4e0d\u9650\u4e8e\u6848\u4ef6\u8109\u7edc\u5206\u6790\u3001\u7f6a\u540d\u9884\u6d4b\uff0c\u5211\u671f\u9884\u6d4b\uff0c\u6587\u4e66\u4e66\u5199\uff0c\u7c7b\u6848\u63a8\u9001\uff0c\u6cd5\u6761\u63a8\u8350\u7b49\u3002\r\n\r\n\u4ee5\u4e0a\u65b9\u5411\u4e2d\u5f53\u524d\u53ef\u4f9b\u9009\u62e9\u7684\u5b9e\u4e60\u7814\u7a76\u9898\u76ee\u5305\u62ec\uff1a\r\n\r\nl \u5355\u8bed\u8bed\u6599\u548c\u53cc\u8bed\u5e73\u884c\u8bed\u6599\u7684\u83b7\u53d6\u53ca\u5904\u7406\r\nl \u9762\u5411\u7279\u5b9a\u9886\u57df\u7684\u8bed\u6599\u6807\u6ce8\u7b56\u7565\u4f18\u5316\r\nl \u9762\u5411\u4f4e\u8d44\u6e90\u5c0f\u8bed\u79cd\u7684\u795e\u7ecf\u7f51\u7edc\u673a\u5668\u7ffb\u8bd1\u6a21\u578b\u7684\u6539\u8fdb\r\nl \u57fa\u4e8e\u5355\u8bed\u8bed\u6599\u4f18\u5316\u795e\u7ecf\u673a\u5668\u7ffb\u8bd1\u6a21\u578b\r\n\r\nl \u79d1\u6280\u6587\u732e\u4fe1\u606f\u7684\u7ec6\u7c92\u5ea6\u62bd\u53d6\r\nl \u57fa\u4e8e\u8bba\u8bc1\u533a\u95f4\u7684\u7bc7\u7ae0\u5206\u6790\r\nl \u57fa\u4e8e\u8bba\u8bc1\u6316\u6398\u7406\u8bba\u7684\u5f15\u7528\u53ca\u6458\u8981\u7684\u751f\u6210\r\nl \u79d1\u6280\u6587\u732e\u7684\u77e5\u8bc6\u56fe\u8c31\u6784\u5efa\r\n\r\nl \u591a\u4eba\u53c2\u4e0e\u7684\u590d\u6742\u6848\u4ef6\u7684\u6848\u60c5\u68b3\u7406\r\nl \u5211\u4e8b\u6848\u4ef6\u77e5\u8bc6\u56fe\u8c31\u7684\u6784\u5efa\r\n\u6b64\u5916\uff0c\u5b9e\u9a8c\u5ba4\u6b63\u5728\u5f00\u59cb\u667a\u80fd\u5ba2\u670d\u673a\u5668\u4eba\u65b9\u5411\u7684\u63a2\u7d22\uff0c\u4e5f\u6b22\u8fce\u6709\u5174\u8da3\u7684\u540c\u5b66\u4eec\u5171\u540c\u53c2\u4e0e\uff01\r\n\r\n\u6709\u610f\u5411\u7684\u540c\u5b66\u8bf7\u5c06\u7b80\u5386\u53d1\u81f3\r\n\u968b\u56fd\u5bbe\uff08\u5b66\u957f\uff09suigb@buaa.edu.cn", "request_num": 5, "accept_num": 0, "deadline": "2019-05-30", "post_time": "2019-05-08T19:26:43.023", "if_end": false, "poster": 3, "image": "img/post/22_P9K4mCB.jpg", "is_imported": true}}, {"model": "demand.post", "pk": 39, "fields": {"title": "test_test_test_test_", "post_detail": "test_test2", "request_num": 5, "accept_num": 0, "deadline": "2019-12-31", "post_time": "2019-05-23T08:23:56.985", "if_end": false, "poster": 7, "image": "img/post/example/1.jpg", "is_imported": true}}, {"model": "demand.post", "pk": 40, "fields": {"title": "\u54c8\u54c8\u54c8", "post_detail": "\u54c8\u54c8\u54c8\u54c8\u54c8", "request_num": 1, "accept_num": 0, "deadline": "2019-05-25", "post_time": "2019-05-23T16:55:00.846", "if_end": false, "poster": 1, "image": "img/post/example/3.jpg", "is_imported": false}}, {"model": "demand.post", "pk": 41, "fields": {"title": "\u627e\u4e24\u4e2a\u4eba\u590d\u4e60\u8ba1\u7f51", "post_detail": "\u4e00\u8d77\u590d\u4e60\u8ba1\u7f51\uff0c\u8ba8\u8bba", "request_num": 2, "accept_num": 0, "deadline": "2019-06-01", "post_time": "2019-05-23T17:16:33.495", "if_end": false, "poster": 9, "image": "img/post/example/3.jpg", "is_imported": false}}, {"model": "demand.post", "pk": 47, "fields": {"title": "\u54c8\u54c8\u54c8\u54c8\u54c8", "post_detail": "\u54c8\u54c8\u54c8\u54c8\u54c8\u54c8", "request_num": 1, "accept_num": 0, "deadline": "2019-05-28", "post_time": "2019-05-24T01:36:00.171", "if_end": false, "poster": 1, "image": "img/post/example/3.jpg", "is_imported": false}}, {"model": "demand.post", "pk": 48, "fields": {"title": "\u6d4b\u8bd5\u5220\u9664", "post_detail": "\u5927\u5e08 ", "request_num": 1, "accept_num": 0, "deadline": "2019-06-26", "post_time": "2019-05-24T01:48:22.291", "if_end": false, "poster": 5, "image": "img/post/48.jpg", "is_imported": false}}, {"model": "demand.post", "pk": 50, "fields": {"title": "sKJhkj", "post_detail": "\u54ce\u662f", "request_num": 1, "accept_num": 0, "deadline": "2019-06-24", "post_time": "2019-05-24T14:33:07.235", "if_end": false, "poster": 1, "image": "img/post/example/3.jpg", "is_imported": false}}, {"model": "demand.post", "pk": 51, "fields": {"title": "\u54c8\u54c8\u54c8\u54c8\u54c8", "post_detail": "\u54c8\u54c8\u54c8\u54c8\u54c8\u54c8\u54c8\u54c8\u54c8\u54c8111\u770b\u770b\u529b\u91cf\u529b\u91cf\u529b\u91cf", "request_num": 1, "accept_num": 0, "deadline": "2019-10-24", "post_time": "2019-05-24T14:38:13.621", "if_end": false, "poster": 1, "image": "img/post/example/4.jpg", "is_imported": false}}, {"model": "demand.post", "pk": 52, "fields": {"title": "\u54c8\u54c8\u54c8\u54c8\uff0b", "post_detail": "\u54c8\u54c8\u54c8\u54c8\u54c8\u54c8\u54c8\u54c8", "request_num": 1, "accept_num": 0, "deadline": "2019-05-29", "post_time": "2019-05-24T21:54:54.638", "if_end": false, "poster": 1, "image": "img/post/example/1.jpg", "is_imported": false}}, {"model": "demand.post", "pk": 53, "fields": {"title": "111", "post_detail": "15172817161727262", "request_num": 1, "accept_num": 0, "deadline": "2019-05-31", "post_time": "2019-05-24T22:14:50.311", "if_end": false, "poster": 19, "image": "img/post/example/4.jpg", "is_imported": false}}, {"model": "demand.post", "pk": 54, "fields": {"title": "\u5b88\u671b\u5148\u950b\u96c6\u7ed3", "post_detail": "\u5976\u4f4d", "request_num": 5, "accept_num": 0, "deadline": "2019-05-30", "post_time": "2019-05-24T22:46:09.538", "if_end": false, "poster": 20, "image": "img/post/example/1.jpg", "is_imported": false}}, {"model": "demand.post", "pk": 55, "fields": {"title": "\u6d4b\u8bd5\u53d1\u5e03", "post_detail": "\u963f\u62c9", "request_num": 1, "accept_num": 0, "deadline": "2019-05-30", "post_time": "2019-05-25T00:20:21.700", "if_end": false, "poster": 5, "image": "img/post/55.png", "is_imported": false}}, {"model": "demand.post", "pk": 58, "fields": {"title": "12345678901234567890123456789012345678901234567890", "post_detail": "12345678901234567890123456789012345678901234567890", "request_num": 1, "accept_num": 0, "deadline": "2019-05-29", "post_time": "2019-05-25T05:50:13.796", "if_end": false, "poster": 14, "image": "img/post/example/2.jpg", "is_imported": false}}, {"model": "demand.post", "pk": 59, "fields": {"title": "\u8f6f\u4ef6\u676f\u6bd4\u8d5b\u6c42\u961f\u53cb", "post_detail": "3\u4eba\u4e00\u961f\uff0c\u7ec4\u961f\u53c2\u52a0\u8f6f\u4ef6\u676f\u6bd4\u8d5b", "request_num": 2, "accept_num": 0, "deadline": "2019-06-30", "post_time": "2019-05-31T17:49:31.647", "if_end": false, "poster": 14, "image": "img/post/example/5.jpg", "is_imported": false}}, {"model": "demand.post", "pk": 60, "fields": {"title": "\u51af\u5982\u676f\u79d1\u6280\u7ade\u8d5b\u961f\u53cb\u62db\u52df", "post_detail": "\u8981\u6c42\u80fd\u6709\u8db3\u591f\u65f6\u95f4\u6295\u5165\u6bd4\u8d5b\n\u5177\u6709\u57fa\u7840\u7f16\u7a0b\u77e5\u8bc6\n\u80fd\u4e0e\u5176\u4ed6\u540c\u5b66\u5408\u4f5c\n\u7531\u4e8e\u7acb\u9879\u4e0e\u751f\u7269\u6709\u5173\uff0c\u5177\u6709\u751f\u7269\u4e13\u4e1a\u76f8\u5173\u77e5\u8bc6\u66f4\u597d", "request_num": 3, "accept_num": 0, "deadline": "2019-08-27", "post_time": "2019-05-31T17:50:23.203", "if_end": false, "poster": 1, "image": "img/post/example/4.jpg", "is_imported": false}}, {"model": "demand.post", "pk": 61, "fields": {"title": "ACM\u7b97\u6cd5\u6bd4\u8d5b\u7ec4\u961f", "post_detail": "\u7ec4\u961f\u53c2\u52a0\u4eca\u5e74\u7684ACM\u5927\u5b66\u751f\u7a0b\u5e8f\u8bbe\u8ba1\u7ade\u8d5b", "request_num": 2, "accept_num": 0, "deadline": "2019-09-28", "post_time": "2019-05-31T17:51:49.459", "if_end": false, "poster": 14, "image": "img/post/example/2.jpg", "is_imported": false}}, {"model": "demand.post", "pk": 62, "fields": {"title": "ACM\u7f16\u7a0b\u7ade\u8d5b\u6c42\u961f\u53cb", "post_detail": "\u6570\u5b66\u80fd\u529b\u5f3a\n\u7f16\u7a0b\u80fd\u529b\u5f3a\n\u613f\u610f\u4ed8\u51fa\u5927\u91cf\u65f6\u95f4", "request_num": 1, "accept_num": 0, "deadline": "2019-10-26", "post_time": "2019-05-31T17:52:05.221", "if_end": false, "poster": 1, "image": "img/post/example/2.jpg", "is_imported": false}}, {"model": "demand.apply", "pk": 1, "fields": {"resume": 4, "status": "waiting", "post": 22, "applicant": 1, "c_time": "2019-05-11T17:33:03.401"}}, {"model": "demand.apply", "pk": 2, "fields": {"resume": 5, "status": "waiting", "post": 21, "applicant": 1, "c_time": "2019-05-11T17:33:55.099"}}, {"model": "demand.apply", "pk": 3, "fields": {"resume": 6, "status": "waiting", "post": 20, "applicant": 1, "c_time": "2019-05-11T17:34:39.812"}}, {"model": "demand.apply", "pk": 6, "fields": {"resume": 10, "status": "waiting", "post": 5, "applicant": 1, "c_time": "2019-05-11T22:23:38.410"}}, {"model": "demand.apply", "pk": 18, "fields": {"resume": 28, "status": "waiting", "post": 40, "applicant": 9, "c_time": "2019-05-23T17:06:10.623"}}, {"model": "demand.apply", "pk": 19, "fields": {"resume": 29, "status": "waiting", "post": 41, "applicant": 1, "c_time": "2019-05-23T17:38:16.926"}}, {"model": "demand.apply", "pk": 20, "fields": {"resume": 32, "status": "waiting", "post": 40, "applicant": 14, "c_time": "2019-05-23T20:06:50.404"}}, {"model": "demand.apply", "pk": 23, "fields": {"resume": 37, "status": "waiting", "post": 52, "applicant": 1, "c_time": "2019-05-24T21:57:17.666"}}, {"model": "demand.apply", "pk": 24, "fields": {"resume": 39, "status": "waiting", "post": 53, "applicant": 1, "c_time": "2019-05-24T22:16:34.473"}}, {"model": "demand.apply", "pk": 25, "fields": {"resume": 40, "status": "waiting", "post": 52, "applicant": 19, "c_time": "2019-05-24T22:18:56.672"}}, {"model": "demand.apply", "pk": 26, "fields": {"resume": 42, "status": "waiting", "post": 54, "applicant": 1, "c_time": "2019-05-24T22:47:13.400"}}, {"model": "demand.apply", "pk": 27, "fields": {"resume": 43, "status": "waiting", "post": 52, "applicant": 20, "c_time": "2019-05-24T22:49:37.233"}}, {"model": "demand.apply", "pk": 29, "fields": {"resume": 45, "status": "waiting", "post": 48, "applicant": 19, "c_time": "2019-05-24T22:57:38.783"}}, {"model": "demand.apply", "pk": 30, "fields": {"resume": 46, "status": "waiting", "post": 55, "applicant": 5, "c_time": "2019-05-25T00:21:33.597"}}, {"model": "demand.apply", "pk": 32, "fields": {"resume": 49, "status": "waiting", "post": 58, "applicant": 14, "c_time": "2019-05-25T05:51:11.425"}}, {"model": "demand.postlabel", "pk": 7, "fields": {"post": 3, "label": "37"}}, {"model": "demand.postlabel", "pk": 8, "fields": {"post": 3, "label": "92"}}, {"model": "demand.postlabel", "pk": 9, "fields": {"post": 4, "label": "37"}}, {"model": "demand.postlabel", "pk": 10, "fields": {"post": 4, "label": "96"}}, {"model": "demand.postlabel", "pk": 11, "fields": {"post": 5, "label": "37"}}, {"model": "demand.postlabel", "pk": 12, "fields": {"post": 5, "label": "92"}}, {"model": "demand.postlabel", "pk": 13, "fields": {"post": 6, "label": "37"}}, {"model": "demand.postlabel", "pk": 14, "fields": {"post": 6, "label": "92"}}, {"model": "demand.postlabel", "pk": 15, "fields": {"post": 7, "label": "37"}}, {"model": "demand.postlabel", "pk": 16, "fields": {"post": 7, "label": "92"}}, {"model": "demand.postlabel", "pk": 17, "fields": {"post": 8, "label": "37"}}, {"model": "demand.postlabel", "pk": 18, "fields": {"post": 8, "label": "95"}}, {"model": "demand.postlabel", "pk": 19, "fields": {"post": 9, "label": "37"}}, {"model": "demand.postlabel", "pk": 20, "fields": {"post": 9, "label": "92"}}, {"model": "demand.postlabel", "pk": 21, "fields": {"post": 5, "label": "17"}}, {"model": "demand.postlabel", "pk": 22, "fields": {"post": 10, "label": "35"}}, {"model": "demand.postlabel", "pk": 23, "fields": {"post": 11, "label": "37"}}, {"model": "demand.postlabel", "pk": 24, "fields": {"post": 11, "label": "92"}}, {"model": "demand.postlabel", "pk": 25, "fields": {"post": 12, "label": "37"}}, {"model": "demand.postlabel", "pk": 26, "fields": {"post": 12, "label": "94"}}, {"model": "demand.postlabel", "pk": 27, "fields": {"post": 13, "label": "37"}}, {"model": "demand.postlabel", "pk": 28, "fields": {"post": 13, "label": "96"}}, {"model": "demand.postlabel", "pk": 29, "fields": {"post": 14, "label": "37"}}, {"model": "demand.postlabel", "pk": 30, "fields": {"post": 14, "label": "92"}}, {"model": "demand.postlabel", "pk": 31, "fields": {"post": 15, "label": "37"}}, {"model": "demand.postlabel", "pk": 32, "fields": {"post": 15, "label": "96"}}, {"model": "demand.postlabel", "pk": 33, "fields": {"post": 16, "label": "37"}}, {"model": "demand.postlabel", "pk": 34, "fields": {"post": 16, "label": "92"}}, {"model": "demand.postlabel", "pk": 35, "fields": {"post": 17, "label": "37"}}, {"model": "demand.postlabel", "pk": 36, "fields": {"post": 17, "label": "93"}}, {"model": "demand.postlabel", "pk": 37, "fields": {"post": 18, "label": "37"}}, {"model": "demand.postlabel", "pk": 38, "fields": {"post": 18, "label": "95"}}, {"model": "demand.postlabel", "pk": 39, "fields": {"post": 19, "label": "37"}}, {"model": "demand.postlabel", "pk": 40, "fields": {"post": 19, "label": "92"}}, {"model": "demand.postlabel", "pk": 41, "fields": {"post": 20, "label": "37"}}, {"model": "demand.postlabel", "pk": 42, "fields": {"post": 20, "label": "17"}}, {"model": "demand.postlabel", "pk": 43, "fields": {"post": 20, "label": "35"}}, {"model": "demand.postlabel", "pk": 44, "fields": {"post": 20, "label": "92"}}, {"model": "demand.postlabel", "pk": 45, "fields": {"post": 21, "label": "37"}}, {"model": "demand.postlabel", "pk": 46, "fields": {"post": 21, "label": "92"}}, {"model": "demand.postlabel", "pk": 47, "fields": {"post": 22, "label": "37"}}, {"model": "demand.postlabel", "pk": 48, "fields": {"post": 22, "label": "35"}}, {"model": "demand.postlabel", "pk": 49, "fields": {"post": 22, "label": "93"}}, {"model": "demand.postlabel", "pk": 2609, "fields": {"post": 39, "label": "1"}}, {"model": "demand.postlabel", "pk": 2610, "fields": {"post": 39, "label": "2"}}, {"model": "demand.postlabel", "pk": 2611, "fields": {"post": 39, "label": "3"}}, {"model": "demand.postlabel", "pk": 2612, "fields": {"post": 39, "label": "4"}}, {"model": "demand.postlabel", "pk": 2614, "fields": {"post": 41, "label": "37"}}, {"model": "demand.postlabel", "pk": 2623, "fields": {"post": 48, "label": "50"}}, {"model": "demand.postlabel", "pk": 2631, "fields": {"post": 51, "label": "78"}}, {"model": "demand.postlabel", "pk": 2632, "fields": {"post": 52, "label": "37"}}, {"model": "demand.postlabel", "pk": 2633, "fields": {"post": 53, "label": "2"}}, {"model": "demand.postlabel", "pk": 2634, "fields": {"post": 54, "label": "37"}}, {"model": "demand.postlabel", "pk": 2635, "fields": {"post": 55, "label": "37"}}, {"model": "demand.postlabel", "pk": 2638, "fields": {"post": 58, "label": "37"}}, {"model": "demand.postlabel", "pk": 2639, "fields": {"post": 59, "label": "37"}}, {"model": "demand.postlabel", "pk": 2640, "fields": {"post": 60, "label": "26"}}, {"model": "demand.postlabel", "pk": 2641, "fields": {"post": 60, "label": "37"}}, {"model": "demand.postlabel", "pk": 2642, "fields": {"post": 61, "label": "37"}}, {"model": "demand.postlabel", "pk": 2643, "fields": {"post": 62, "label": "37"}}, {"model": "demand.applylabel", "pk": 1, "fields": {"apply": 6, "label": "1"}}, {"model": "demand.applylabel", "pk": 27, "fields": {"apply": 18, "label": "37"}}, {"model": "demand.applylabel", "pk": 28, "fields": {"apply": 18, "label": "1"}}, {"model": "demand.applylabel", "pk": 29, "fields": {"apply": 18, "label": "1"}}, {"model": "demand.applylabel", "pk": 30, "fields": {"apply": 19, "label": "37"}}, {"model": "demand.applylabel", "pk": 31, "fields": {"apply": 19, "label": "1"}}, {"model": "demand.applylabel", "pk": 32, "fields": {"apply": 19, "label": "41"}}, {"model": "demand.applylabel", "pk": 33, "fields": {"apply": 20, "label": "37"}}, {"model": "demand.applylabel", "pk": 34, "fields": {"apply": 20, "label": "1"}}, {"model": "demand.applylabel", "pk": 35, "fields": {"apply": 20, "label": "1"}}, {"model": "demand.applylabel", "pk": 42, "fields": {"apply": 23, "label": "37"}}, {"model": "demand.applylabel", "pk": 43, "fields": {"apply": 23, "label": "1"}}, {"model": "demand.applylabel", "pk": 44, "fields": {"apply": 23, "label": "41"}}, {"model": "demand.applylabel", "pk": 45, "fields": {"apply": 24, "label": "37"}}, {"model": "demand.applylabel", "pk": 46, "fields": {"apply": 24, "label": "1"}}, {"model": "demand.applylabel", "pk": 47, "fields": {"apply": 24, "label": "41"}}, {"model": "demand.applylabel", "pk": 48, "fields": {"apply": 25, "label": "37"}}, {"model": "demand.applylabel", "pk": 49, "fields": {"apply": 25, "label": "1"}}, {"model": "demand.applylabel", "pk": 50, "fields": {"apply": 25, "label": "1"}}, {"model": "demand.applylabel", "pk": 51, "fields": {"apply": 26, "label": "37"}}, {"model": "demand.applylabel", "pk": 52, "fields": {"apply": 26, "label": "1"}}, {"model": "demand.applylabel", "pk": 53, "fields": {"apply": 26, "label": "41"}}, {"model": "demand.applylabel", "pk": 54, "fields": {"apply": 27, "label": "37"}}, {"model": "demand.applylabel", "pk": 55, "fields": {"apply": 27, "label": "1"}}, {"model": "demand.applylabel", "pk": 56, "fields": {"apply": 27, "label": "1"}}, {"model": "demand.applylabel", "pk": 60, "fields": {"apply": 29, "label": "37"}}, {"model": "demand.applylabel", "pk": 61, "fields": {"apply": 29, "label": "1"}}, {"model": "demand.applylabel", "pk": 62, "fields": {"apply": 29, "label": "1"}}, {"model": "demand.applylabel", "pk": 63, "fields": {"apply": 30, "label": "3"}}, {"model": "demand.applylabel", "pk": 64, "fields": {"apply": 30, "label": "1"}}, {"model": "demand.applylabel", "pk": 65, "fields": {"apply": 30, "label": "1"}}, {"model": "demand.applylabel", "pk": 69, "fields": {"apply": 32, "label": "37"}}, {"model": "demand.applylabel", "pk": 70, "fields": {"apply": 32, "label": "1"}}, {"model": "demand.applylabel", "pk": 71, "fields": {"apply": 32, "label": "1"}}, {"model": "auth.permission", "pk": 1, "fields": {"name": "Can add log entry", "content_type": 1, "codename": "add_logentry"}}, {"model": "auth.permission", "pk": 2, "fields": {"name": "Can change log entry", "content_type": 1, "codename": "change_logentry"}}, {"model": "auth.permission", "pk": 3, "fields": {"name": "Can delete log entry", "content_type": 1, "codename": "delete_logentry"}}, {"model": "auth.permission", "pk": 4, "fields": {"name": "Can view log entry", "content_type": 1, "codename": "view_logentry"}}, {"model": "auth.permission", "pk": 5, "fields": {"name": "Can add permission", "content_type": 2, "codename": "add_permission"}}, {"model": "auth.permission", "pk": 6, "fields": {"name": "Can change permission", "content_type": 2, "codename": "change_permission"}}, {"model": "auth.permission", "pk": 7, "fields": {"name": "Can delete permission", "content_type": 2, "codename": "delete_permission"}}, {"model": "auth.permission", "pk": 8, "fields": {"name": "Can view permission", "content_type": 2, "codename": "view_permission"}}, {"model": "auth.permission", "pk": 9, "fields": {"name": "Can add group", "content_type": 3, "codename": "add_group"}}, {"model": "auth.permission", "pk": 10, "fields": {"name": "Can change group", "content_type": 3, "codename": "change_group"}}, {"model": "auth.permission", "pk": 11, "fields": {"name": "Can delete group", "content_type": 3, "codename": "delete_group"}}, {"model": "auth.permission", "pk": 12, "fields": {"name": "Can view group", "content_type": 3, "codename": "view_group"}}, {"model": "auth.permission", "pk": 13, "fields": {"name": "Can add user", "content_type": 4, "codename": "add_user"}}, {"model": "auth.permission", "pk": 14, "fields": {"name": "Can change user", "content_type": 4, "codename": "change_user"}}, {"model": "auth.permission", "pk": 15, "fields": {"name": "Can delete user", "content_type": 4, "codename": "delete_user"}}, {"model": "auth.permission", "pk": 16, "fields": {"name": "Can view user", "content_type": 4, "codename": "view_user"}}, {"model": "auth.permission", "pk": 17, "fields": {"name": "Can add content type", "content_type": 5, "codename": "add_contenttype"}}, {"model": "auth.permission", "pk": 18, "fields": {"name": "Can change content type", "content_type": 5, "codename": "change_contenttype"}}, {"model": "auth.permission", "pk": 19, "fields": {"name": "Can delete content type", "content_type": 5, "codename": "delete_contenttype"}}, {"model": "auth.permission", "pk": 20, "fields": {"name": "Can view content type", "content_type": 5, "codename": "view_contenttype"}}, {"model": "auth.permission", "pk": 21, "fields": {"name": "Can add session", "content_type": 6, "codename": "add_session"}}, {"model": "auth.permission", "pk": 22, "fields": {"name": "Can change session", "content_type": 6, "codename": "change_session"}}, {"model": "auth.permission", "pk": 23, "fields": {"name": "Can delete session", "content_type": 6, "codename": "delete_session"}}, {"model": "auth.permission", "pk": 24, "fields": {"name": "Can view session", "content_type": 6, "codename": "view_session"}}, {"model": "auth.permission", "pk": 25, "fields": {"name": "Can add resume", "content_type": 7, "codename": "add_resume"}}, {"model": "auth.permission", "pk": 26, "fields": {"name": "Can change resume", "content_type": 7, "codename": "change_resume"}}, {"model": "auth.permission", "pk": 27, "fields": {"name": "Can delete resume", "content_type": 7, "codename": "delete_resume"}}, {"model": "auth.permission", "pk": 28, "fields": {"name": "Can view resume", "content_type": 7, "codename": "view_resume"}}, {"model": "auth.permission", "pk": 29, "fields": {"name": "Can add user", "content_type": 8, "codename": "add_user"}}, {"model": "auth.permission", "pk": 30, "fields": {"name": "Can change user", "content_type": 8, "codename": "change_user"}}, {"model": "auth.permission", "pk": 31, "fields": {"name": "Can delete user", "content_type": 8, "codename": "delete_user"}}, {"model": "auth.permission", "pk": 32, "fields": {"name": "Can view user", "content_type": 8, "codename": "view_user"}}, {"model": "auth.permission", "pk": 33, "fields": {"name": "Can add apply", "content_type": 9, "codename": "add_apply"}}, {"model": "auth.permission", "pk": 34, "fields": {"name": "Can change apply", "content_type": 9, "codename": "change_apply"}}, {"model": "auth.permission", "pk": 35, "fields": {"name": "Can delete apply", "content_type": 9, "codename": "delete_apply"}}, {"model": "auth.permission", "pk": 36, "fields": {"name": "Can view apply", "content_type": 9, "codename": "view_apply"}}, {"model": "auth.permission", "pk": 37, "fields": {"name": "Can add post", "content_type": 10, "codename": "add_post"}}, {"model": "auth.permission", "pk": 38, "fields": {"name": "Can change post", "content_type": 10, "codename": "change_post"}}, {"model": "auth.permission", "pk": 39, "fields": {"name": "Can delete post", "content_type": 10, "codename": "delete_post"}}, {"model": "auth.permission", "pk": 40, "fields": {"name": "Can view post", "content_type": 10, "codename": "view_post"}}, {"model": "auth.permission", "pk": 41, "fields": {"name": "Can add post label", "content_type": 11, "codename": "add_postlabel"}}, {"model": "auth.permission", "pk": 42, "fields": {"name": "Can change post label", "content_type": 11, "codename": "change_postlabel"}}, {"model": "auth.permission", "pk": 43, "fields": {"name": "Can delete post label", "content_type": 11, "codename": "delete_postlabel"}}, {"model": "auth.permission", "pk": 44, "fields": {"name": "Can view post label", "content_type": 11, "codename": "view_postlabel"}}, {"model": "auth.permission", "pk": 45, "fields": {"name": "Can add apply label", "content_type": 12, "codename": "add_applylabel"}}, {"model": "auth.permission", "pk": 46, "fields": {"name": "Can change apply label", "content_type": 12, "codename": "change_applylabel"}}, {"model": "auth.permission", "pk": 47, "fields": {"name": "Can delete apply label", "content_type": 12, "codename": "delete_applylabel"}}, {"model": "auth.permission", "pk": 48, "fields": {"name": "Can view apply label", "content_type": 12, "codename": "view_applylabel"}}, {"model": "auth.user", "pk": 1, "fields": {"password": "pbkdf2_sha256$150000$p9spBZv0O71x$KNZzVv/Jj8s5N52BoFwE/xLNWTOlMZDBd/EbQV5Skwc=", "last_login": "2019-05-23T08:21:49.626", "is_superuser": true, "username": "admin", "first_name": "", "last_name": "", "email": "admin@admin.com", "is_staff": true, "is_active": true, "date_joined": "2019-05-07T20:57:47.746", "groups": [], "user_permissions": []}}, {"model": "admin.logentry", "pk": 1, "fields": {"action_time": "2019-05-07T22:02:58.480", "user": 1, "content_type": 4, "object_id": "1", "object_repr": "admin", "action_flag": 2, "change_message": "[{\"changed\": {\"fields\": [\"password\"]}}]"}}, {"model": "admin.logentry", "pk": 2, "fields": {"action_time": "2019-05-08T03:45:16.633", "user": 1, "content_type": 4, "object_id": "1", "object_repr": "admin", "action_flag": 2, "change_message": "[{\"changed\": {\"fields\": [\"password\"]}}]"}}, {"model": "admin.logentry", "pk": 3, "fields": {"action_time": "2019-05-08T17:56:48.695", "user": 1, "content_type": 10, "object_id": "2", "object_repr": "text1", "action_flag": 2, "change_message": "[]"}}, {"model": "admin.logentry", "pk": 4, "fields": {"action_time": "2019-05-08T19:14:44.772", "user": 1, "content_type": 10, "object_id": "3", "object_repr": "\u5546\u6c64\u79d1\u6280\u7814\u7a76\u9662\uff08\u5317\u4eac\uff09\u62db\u5b9e\u4e60\u751f", "action_flag": 1, "change_message": "[{\"added\": {}}]"}}, {"model": "admin.logentry", "pk": 5, "fields": {"action_time": "2019-05-08T19:15:37.197", "user": 1, "content_type": 10, "object_id": "4", "object_repr": "\u590d\u73b0\u6df1\u5ea6\u5b66\u4e60\u76f8\u5173\u8bba\u6587", "action_flag": 1, "change_message": "[{\"added\": {}}]"}}, {"model": "admin.logentry", "pk": 6, "fields": {"action_time": "2019-05-08T19:16:04.289", "user": 1, "content_type": 10, "object_id": "5", "object_repr": "\u6ef4\u6ef4\u51fa\u884c\u5b9e\u4e60\u751f\u62db\u8058", "action_flag": 1, "change_message": "[{\"added\": {}}]"}}, {"model": "admin.logentry", "pk": 7, "fields": {"action_time": "2019-05-08T19:16:36.355", "user": 1, "content_type": 10, "object_id": "6", "object_repr": "\u5feb\u624b", "action_flag": 1, "change_message": "[{\"added\": {}}]"}}, {"model": "admin.logentry", "pk": 8, "fields": {"action_time": "2019-05-08T19:16:56.606", "user": 1, "content_type": 10, "object_id": "7", "object_repr": "\u5317\u4eac\u6728\u74dc\u79fb\u52a8\u62db\u8058Android\u5f00\u53d1\u5b9e\u4e60\u751f", "action_flag": 1, "change_message": "[{\"added\": {}}]"}}, {"model": "admin.logentry", "pk": 9, "fields": {"action_time": "2019-05-08T19:18:31.593", "user": 1, "content_type": 10, "object_id": "8", "object_repr": "\u5b89\u6c38\u6691\u671f\u9886\u5bfc\u529b\u8bad\u7ec3\u8425", "action_flag": 1, "change_message": "[{\"added\": {}}]"}}, {"model": "admin.logentry", "pk": 10, "fields": {"action_time": "2019-05-08T19:19:21.967", "user": 1, "content_type": 10, "object_id": "9", "object_repr": "\u963f\u91cc\u5df4\u5df4\u641c\u7d22\u4e0e\u63a8\u8350\u4e8b\u4e1a\u90e8", "action_flag": 1, "change_message": "[{\"added\": {}}]"}}, {"model": "admin.logentry", "pk": 11, "fields": {"action_time": "2019-05-08T19:19:45.406", "user": 1, "content_type": 10, "object_id": "10", "object_repr": "\u597d\u672a\u6765", "action_flag": 1, "change_message": "[{\"added\": {}}]"}}, {"model": "admin.logentry", "pk": 12, "fields": {"action_time": "2019-05-08T19:20:23.292", "user": 1, "content_type": 10, "object_id": "11", "object_repr": "\u8682\u8681\u91d1\u670d\u901a\u4fe1\u4e2d\u95f4\u4ef62020\u5e74\u6bd5\u4e1a\u5b9e\u4e60\u751f\u62db\u6536", "action_flag": 1, "change_message": "[{\"added\": {}}]"}}, {"model": "admin.logentry", "pk": 13, "fields": {"action_time": "2019-05-08T19:21:49.196", "user": 1, "content_type": 10, "object_id": "12", "object_repr": "\u6311\u6218\u676f\uff08\u53ef\u4ee5\u5305\u62ec\u51af\u5982\u676f\uff09", "action_flag": 1, "change_message": "[{\"added\": {}}]"}}, {"model": "admin.logentry", "pk": 14, "fields": {"action_time": "2019-05-08T19:22:03.897", "user": 1, "content_type": 10, "object_id": "13", "object_repr": "17\u7ea7\u5317\u4eac\u5b66\u9662\u62db\u6536OS\u52a9\u6559", "action_flag": 1, "change_message": "[{\"added\": {}}]"}}, {"model": "admin.logentry", "pk": 15, "fields": {"action_time": "2019-05-08T19:22:39.324", "user": 1, "content_type": 10, "object_id": "14", "object_repr": "\u5bbd\u51f3\u79d1\u62802019\u6625\u5b63\u6821\u56ed\u62db\u8058", "action_flag": 1, "change_message": "[{\"added\": {}}]"}}, {"model": "admin.logentry", "pk": 16, "fields": {"action_time": "2019-05-08T19:22:54.064", "user": 1, "content_type": 10, "object_id": "15", "object_repr": "ios\u5f00\u53d1", "action_flag": 1, "change_message": "[{\"added\": {}}]"}}, {"model": "admin.logentry", "pk": 17, "fields": {"action_time": "2019-05-08T19:23:18.268", "user": 1, "content_type": 10, "object_id": "16", "object_repr": "\u5fae\u8f6f\u4e9a\u6d32\u7814\u7a76\u9662\u5b9e\u4e60\u751f\u62db\u8058", "action_flag": 1, "change_message": "[{\"added\": {}}]"}}, {"model": "admin.logentry", "pk": 18, "fields": {"action_time": "2019-05-08T19:24:08.809", "user": 1, "content_type": 10, "object_id": "17", "object_repr": "\u6e05\u534e\u5927\u5b66\u8ba1\u7b97\u673a\u7cfb \u7814\u53d1\u5b9e\u4e60\u751f", "action_flag": 1, "change_message": "[{\"added\": {}}]"}}, {"model": "admin.logentry", "pk": 19, "fields": {"action_time": "2019-05-08T19:24:27.807", "user": 1, "content_type": 10, "object_id": "18", "object_repr": "\u8f6f\u4ef6\u5de5\u7a0b\u6b27\u9633\u8001\u5e08\u4e0b\u5348\u73ed", "action_flag": 1, "change_message": "[{\"added\": {}}]"}}, {"model": "admin.logentry", "pk": 20, "fields": {"action_time": "2019-05-08T19:24:57.087", "user": 1, "content_type": 10, "object_id": "19", "object_repr": "\u5b57\u8282\u8df3\u52a8-\u6821\u56ed\u5927\u4f7f\u62db\u52df", "action_flag": 1, "change_message": "[{\"added\": {}}]"}}, {"model": "admin.logentry", "pk": 21, "fields": {"action_time": "2019-05-08T19:25:16.148", "user": 1, "content_type": 10, "object_id": "20", "object_repr": "\u5546\u6c64\u7814\u7a76\u9662-\u57fa\u7840\u6280\u672f\u4e0e\u5de5\u5177\u7ec4", "action_flag": 1, "change_message": "[{\"added\": {}}]"}}, {"model": "admin.logentry", "pk": 22, "fields": {"action_time": "2019-05-08T19:25:45.642", "user": 1, "content_type": 10, "object_id": "21", "object_repr": "\u767e\u5ea6\u667a\u80fd\u4e91\u6280\u672f\u4e00\u90e8\u62db\u52df\u516c\u6709\u4e91\u7814\u53d1\u5b9e\u4e60\u751f", "action_flag": 1, "change_message": "[{\"added\": {}}]"}}, {"model": "admin.logentry", "pk": 23, "fields": {"action_time": "2019-05-08T19:26:43.023", "user": 1, "content_type": 10, "object_id": "22", "object_repr": "\u667a\u80fd\u4fe1\u606f\u5904\u7406\u7814\u7a76\u6240\u8001\u5e08\u5de2\u6587\u6db5", "action_flag": 1, "change_message": "[{\"added\": {}}]"}}, {"model": "admin.logentry", "pk": 24, "fields": {"action_time": "2019-05-08T19:28:33.042", "user": 1, "content_type": 10, "object_id": "3", "object_repr": "\u5546\u6c64\u79d1\u6280\u7814\u7a76\u9662\uff08\u5317\u4eac\uff09\u62db\u5b9e\u4e60\u751f", "action_flag": 2, "change_message": "[{\"changed\": {\"fields\": [\"request_num\", \"deadline\"]}}]"}}, {"model": "admin.logentry", "pk": 25, "fields": {"action_time": "2019-05-08T19:28:48.126", "user": 1, "content_type": 10, "object_id": "4", "object_repr": "\u590d\u73b0\u6df1\u5ea6\u5b66\u4e60\u76f8\u5173\u8bba\u6587", "action_flag": 2, "change_message": "[]"}}, {"model": "admin.logentry", "pk": 26, "fields": {"action_time": "2019-05-08T19:29:05.594", "user": 1, "content_type": 10, "object_id": "5", "object_repr": "\u6ef4\u6ef4\u51fa\u884c\u5b9e\u4e60\u751f\u62db\u8058", "action_flag": 2, "change_message": "[{\"changed\": {\"fields\": [\"request_num\", \"deadline\"]}}]"}}, {"model": "admin.logentry", "pk": 27, "fields": {"action_time": "2019-05-08T19:29:10.309", "user": 1, "content_type": 10, "object_id": "5", "object_repr": "\u6ef4\u6ef4\u51fa\u884c\u5b9e\u4e60\u751f\u62db\u8058", "action_flag": 2, "change_message": "[]"}}, {"model": "admin.logentry", "pk": 28, "fields": {"action_time": "2019-05-08T19:29:33.974", "user": 1, "content_type": 10, "object_id": "6", "object_repr": "\u5feb\u624b", "action_flag": 2, "change_message": "[{\"changed\": {\"fields\": [\"request_num\", \"deadline\"]}}]"}}, {"model": "admin.logentry", "pk": 29, "fields": {"action_time": "2019-05-08T19:29:53.128", "user": 1, "content_type": 10, "object_id": "7", "object_repr": "\u5317\u4eac\u6728\u74dc\u79fb\u52a8\u62db\u8058Android\u5f00\u53d1\u5b9e\u4e60\u751f", "action_flag": 2, "change_message": "[{\"changed\": {\"fields\": [\"request_num\", \"deadline\"]}}]"}}, {"model": "admin.logentry", "pk": 30, "fields": {"action_time": "2019-05-08T19:30:36.274", "user": 1, "content_type": 10, "object_id": "8", "object_repr": "\u5b89\u6c38\u6691\u671f\u9886\u5bfc\u529b\u8bad\u7ec3\u8425", "action_flag": 2, "change_message": "[{\"changed\": {\"fields\": [\"request_num\", \"deadline\"]}}]"}}, {"model": "admin.logentry", "pk": 31, "fields": {"action_time": "2019-05-08T19:30:52.657", "user": 1, "content_type": 10, "object_id": "9", "object_repr": "\u963f\u91cc\u5df4\u5df4\u641c\u7d22\u4e0e\u63a8\u8350\u4e8b\u4e1a\u90e8", "action_flag": 2, "change_message": "[{\"changed\": {\"fields\": [\"request_num\", \"deadline\"]}}]"}}, {"model": "admin.logentry", "pk": 32, "fields": {"action_time": "2019-05-08T19:31:06.058", "user": 1, "content_type": 10, "object_id": "10", "object_repr": "\u597d\u672a\u6765", "action_flag": 2, "change_message": "[{\"changed\": {\"fields\": [\"request_num\", \"deadline\"]}}]"}}, {"model": "admin.logentry", "pk": 33, "fields": {"action_time": "2019-05-08T19:31:20.760", "user": 1, "content_type": 10, "object_id": "11", "object_repr": "\u8682\u8681\u91d1\u670d\u901a\u4fe1\u4e2d\u95f4\u4ef62020\u5e74\u6bd5\u4e1a\u5b9e\u4e60\u751f\u62db\u6536", "action_flag": 2, "change_message": "[{\"changed\": {\"fields\": [\"request_num\", \"deadline\"]}}]"}}, {"model": "admin.logentry", "pk": 34, "fields": {"action_time": "2019-05-08T19:31:37.030", "user": 1, "content_type": 10, "object_id": "12", "object_repr": "\u6311\u6218\u676f\uff08\u53ef\u4ee5\u5305\u62ec\u51af\u5982\u676f\uff09", "action_flag": 2, "change_message": "[{\"changed\": {\"fields\": [\"request_num\", \"deadline\"]}}]"}}, {"model": "admin.logentry", "pk": 35, "fields": {"action_time": "2019-05-08T19:31:53.342", "user": 1, "content_type": 10, "object_id": "13", "object_repr": "17\u7ea7\u5317\u4eac\u5b66\u9662\u62db\u6536OS\u52a9\u6559", "action_flag": 2, "change_message": "[{\"changed\": {\"fields\": [\"request_num\", \"deadline\"]}}]"}}, {"model": "admin.logentry", "pk": 36, "fields": {"action_time": "2019-05-08T19:32:10.578", "user": 1, "content_type": 10, "object_id": "14", "object_repr": "\u5bbd\u51f3\u79d1\u62802019\u6625\u5b63\u6821\u56ed\u62db\u8058", "action_flag": 2, "change_message": "[{\"changed\": {\"fields\": [\"request_num\", \"deadline\"]}}]"}}, {"model": "admin.logentry", "pk": 37, "fields": {"action_time": "2019-05-08T19:32:27.546", "user": 1, "content_type": 10, "object_id": "15", "object_repr": "ios\u5f00\u53d1", "action_flag": 2, "change_message": "[{\"changed\": {\"fields\": [\"request_num\", \"deadline\"]}}]"}}, {"model": "admin.logentry", "pk": 38, "fields": {"action_time": "2019-05-08T19:32:42.133", "user": 1, "content_type": 10, "object_id": "16", "object_repr": "\u5fae\u8f6f\u4e9a\u6d32\u7814\u7a76\u9662\u5b9e\u4e60\u751f\u62db\u8058", "action_flag": 2, "change_message": "[{\"changed\": {\"fields\": [\"request_num\", \"deadline\"]}}]"}}, {"model": "admin.logentry", "pk": 39, "fields": {"action_time": "2019-05-08T19:32:55.983", "user": 1, "content_type": 10, "object_id": "17", "object_repr": "\u6e05\u534e\u5927\u5b66\u8ba1\u7b97\u673a\u7cfb \u7814\u53d1\u5b9e\u4e60\u751f", "action_flag": 2, "change_message": "[{\"changed\": {\"fields\": [\"deadline\"]}}]"}}, {"model": "admin.logentry", "pk": 40, "fields": {"action_time": "2019-05-08T19:33:06.231", "user": 1, "content_type": 10, "object_id": "17", "object_repr": "\u6e05\u534e\u5927\u5b66\u8ba1\u7b97\u673a\u7cfb \u7814\u53d1\u5b9e\u4e60\u751f", "action_flag": 2, "change_message": "[]"}}, {"model": "admin.logentry", "pk": 41, "fields": {"action_time": "2019-05-08T19:33:37.349", "user": 1, "content_type": 10, "object_id": "18", "object_repr": "\u8f6f\u4ef6\u5de5\u7a0b\u6b27\u9633\u8001\u5e08\u4e0b\u5348\u73ed", "action_flag": 2, "change_message": "[{\"changed\": {\"fields\": [\"request_num\", \"deadline\"]}}]"}}, {"model": "admin.logentry", "pk": 42, "fields": {"action_time": "2019-05-08T19:33:47.999", "user": 1, "content_type": 10, "object_id": "18", "object_repr": "\u8f6f\u4ef6\u5de5\u7a0b\u6b27\u9633\u8001\u5e08\u4e0b\u5348\u73ed", "action_flag": 2, "change_message": "[{\"changed\": {\"fields\": [\"deadline\"]}}]"}}, {"model": "admin.logentry", "pk": 43, "fields": {"action_time": "2019-05-08T19:34:11.431", "user": 1, "content_type": 10, "object_id": "19", "object_repr": "\u5b57\u8282\u8df3\u52a8-\u6821\u56ed\u5927\u4f7f\u62db\u52df", "action_flag": 2, "change_message": "[{\"changed\": {\"fields\": [\"request_num\", \"deadline\"]}}]"}}, {"model": "admin.logentry", "pk": 44, "fields": {"action_time": "2019-05-08T19:34:32.932", "user": 1, "content_type": 10, "object_id": "20", "object_repr": "\u5546\u6c64\u7814\u7a76\u9662-\u57fa\u7840\u6280\u672f\u4e0e\u5de5\u5177\u7ec4", "action_flag": 2, "change_message": "[{\"changed\": {\"fields\": [\"request_num\", \"deadline\"]}}]"}}, {"model": "admin.logentry", "pk": 45, "fields": {"action_time": "2019-05-08T19:34:53.634", "user": 1, "content_type": 10, "object_id": "21", "object_repr": "\u767e\u5ea6\u667a\u80fd\u4e91\u6280\u672f\u4e00\u90e8\u62db\u52df\u516c\u6709\u4e91\u7814\u53d1\u5b9e\u4e60\u751f", "action_flag": 2, "change_message": "[{\"changed\": {\"fields\": [\"request_num\", \"deadline\"]}}]"}}, {"model": "admin.logentry", "pk": 46, "fields": {"action_time": "2019-05-08T19:35:05.214", "user": 1, "content_type": 10, "object_id": "22", "object_repr": "\u667a\u80fd\u4fe1\u606f\u5904\u7406\u7814\u7a76\u6240\u8001\u5e08\u5de2\u6587\u6db5", "action_flag": 2, "change_message": "[{\"changed\": {\"fields\": [\"request_num\", \"deadline\"]}}]"}}, {"model": "admin.logentry", "pk": 47, "fields": {"action_time": "2019-05-08T22:53:48.889", "user": 1, "content_type": 8, "object_id": "2", "object_repr": "admin999", "action_flag": 3, "change_message": ""}}, {"model": "admin.logentry", "pk": 48, "fields": {"action_time": "2019-05-08T22:55:26.717", "user": 1, "content_type": 8, "object_id": "3", "object_repr": "admin999", "action_flag": 2, "change_message": "[{\"changed\": {\"fields\": [\"name\"]}}]"}}, {"model": "admin.logentry", "pk": 49, "fields": {"action_time": "2019-05-08T22:55:45.519", "user": 1, "content_type": 8, "object_id": "3", "object_repr": "admin999", "action_flag": 2, "change_message": "[{\"changed\": {\"fields\": [\"avatar_url\"]}}]"}}, {"model": "admin.logentry", "pk": 50, "fields": {"action_time": "2019-05-08T22:56:07.595", "user": 1, "content_type": 10, "object_id": "3", "object_repr": "\u5546\u6c64\u79d1\u6280\u7814\u7a76\u9662\uff08\u5317\u4eac\uff09\u62db\u5b9e\u4e60\u751f", "action_flag": 2, "change_message": "[{\"changed\": {\"fields\": [\"poster\"]}}]"}}, {"model": "admin.logentry", "pk": 51, "fields": {"action_time": "2019-05-08T22:56:15.386", "user": 1, "content_type": 10, "object_id": "3", "object_repr": "\u5546\u6c64\u79d1\u6280\u7814\u7a76\u9662\uff08\u5317\u4eac\uff09\u62db\u5b9e\u4e60\u751f", "action_flag": 2, "change_message": "[]"}}, {"model": "admin.logentry", "pk": 52, "fields": {"action_time": "2019-05-08T22:56:23.884", "user": 1, "content_type": 10, "object_id": "4", "object_repr": "\u590d\u73b0\u6df1\u5ea6\u5b66\u4e60\u76f8\u5173\u8bba\u6587", "action_flag": 2, "change_message": "[{\"changed\": {\"fields\": [\"poster\"]}}]"}}, {"model": "admin.logentry", "pk": 53, "fields": {"action_time": "2019-05-08T22:56:30.685", "user": 1, "content_type": 10, "object_id": "5", "object_repr": "\u6ef4\u6ef4\u51fa\u884c\u5b9e\u4e60\u751f\u62db\u8058", "action_flag": 2, "change_message": "[{\"changed\": {\"fields\": [\"poster\"]}}]"}}, {"model": "admin.logentry", "pk": 54, "fields": {"action_time": "2019-05-08T22:57:11.577", "user": 1, "content_type": 10, "object_id": "5", "object_repr": "\u6ef4\u6ef4\u51fa\u884c\u5b9e\u4e60\u751f\u62db\u8058", "action_flag": 2, "change_message": "[]"}}, {"model": "admin.logentry", "pk": 55, "fields": {"action_time": "2019-05-08T22:57:17.414", "user": 1, "content_type": 10, "object_id": "6", "object_repr": "\u5feb\u624b", "action_flag": 2, "change_message": "[{\"changed\": {\"fields\": [\"poster\"]}}]"}}, {"model": "admin.logentry", "pk": 56, "fields": {"action_time": "2019-05-08T22:57:25.077", "user": 1, "content_type": 10, "object_id": "7", "object_repr": "\u5317\u4eac\u6728\u74dc\u79fb\u52a8\u62db\u8058Android\u5f00\u53d1\u5b9e\u4e60\u751f", "action_flag": 2, "change_message": "[{\"changed\": {\"fields\": [\"poster\"]}}]"}}, {"model": "admin.logentry", "pk": 57, "fields": {"action_time": "2019-05-08T22:57:30.648", "user": 1, "content_type": 10, "object_id": "8", "object_repr": "\u5b89\u6c38\u6691\u671f\u9886\u5bfc\u529b\u8bad\u7ec3\u8425", "action_flag": 2, "change_message": "[{\"changed\": {\"fields\": [\"poster\"]}}]"}}, {"model": "admin.logentry", "pk": 58, "fields": {"action_time": "2019-05-08T22:57:36.631", "user": 1, "content_type": 10, "object_id": "9", "object_repr": "\u963f\u91cc\u5df4\u5df4\u641c\u7d22\u4e0e\u63a8\u8350\u4e8b\u4e1a\u90e8", "action_flag": 2, "change_message": "[{\"changed\": {\"fields\": [\"poster\"]}}]"}}, {"model": "admin.logentry", "pk": 59, "fields": {"action_time": "2019-05-08T22:57:42.001", "user": 1, "content_type": 10, "object_id": "9", "object_repr": "\u963f\u91cc\u5df4\u5df4\u641c\u7d22\u4e0e\u63a8\u8350\u4e8b\u4e1a\u90e8", "action_flag": 2, "change_message": "[]"}}, {"model": "admin.logentry", "pk": 60, "fields": {"action_time": "2019-05-08T22:57:47.886", "user": 1, "content_type": 10, "object_id": "10", "object_repr": "\u597d\u672a\u6765", "action_flag": 2, "change_message": "[{\"changed\": {\"fields\": [\"poster\"]}}]"}}, {"model": "admin.logentry", "pk": 61, "fields": {"action_time": "2019-05-08T22:57:54.145", "user": 1, "content_type": 10, "object_id": "10", "object_repr": "\u597d\u672a\u6765", "action_flag": 2, "change_message": "[]"}}, {"model": "admin.logentry", "pk": 62, "fields": {"action_time": "2019-05-08T22:57:59.455", "user": 1, "content_type": 10, "object_id": "11", "object_repr": "\u8682\u8681\u91d1\u670d\u901a\u4fe1\u4e2d\u95f4\u4ef62020\u5e74\u6bd5\u4e1a\u5b9e\u4e60\u751f\u62db\u6536", "action_flag": 2, "change_message": "[{\"changed\": {\"fields\": [\"poster\"]}}]"}}, {"model": "admin.logentry", "pk": 63, "fields": {"action_time": "2019-05-08T22:58:04.634", "user": 1, "content_type": 10, "object_id": "12", "object_repr": "\u6311\u6218\u676f\uff08\u53ef\u4ee5\u5305\u62ec\u51af\u5982\u676f\uff09", "action_flag": 2, "change_message": "[{\"changed\": {\"fields\": [\"poster\"]}}]"}}, {"model": "admin.logentry", "pk": 64, "fields": {"action_time": "2019-05-08T22:58:10.422", "user": 1, "content_type": 10, "object_id": "13", "object_repr": "17\u7ea7\u5317\u4eac\u5b66\u9662\u62db\u6536OS\u52a9\u6559", "action_flag": 2, "change_message": "[{\"changed\": {\"fields\": [\"poster\"]}}]"}}, {"model": "admin.logentry", "pk": 65, "fields": {"action_time": "2019-05-08T22:58:15.901", "user": 1, "content_type": 10, "object_id": "14", "object_repr": "\u5bbd\u51f3\u79d1\u62802019\u6625\u5b63\u6821\u56ed\u62db\u8058", "action_flag": 2, "change_message": "[{\"changed\": {\"fields\": [\"poster\"]}}]"}}, {"model": "admin.logentry", "pk": 66, "fields": {"action_time": "2019-05-08T22:58:22.684", "user": 1, "content_type": 10, "object_id": "15", "object_repr": "ios\u5f00\u53d1", "action_flag": 2, "change_message": "[{\"changed\": {\"fields\": [\"poster\"]}}]"}}, {"model": "admin.logentry", "pk": 67, "fields": {"action_time": "2019-05-08T22:58:31.930", "user": 1, "content_type": 10, "object_id": "15", "object_repr": "ios\u5f00\u53d1", "action_flag": 2, "change_message": "[]"}}, {"model": "admin.logentry", "pk": 68, "fields": {"action_time": "2019-05-08T22:58:38.858", "user": 1, "content_type": 10, "object_id": "16", "object_repr": "\u5fae\u8f6f\u4e9a\u6d32\u7814\u7a76\u9662\u5b9e\u4e60\u751f\u62db\u8058", "action_flag": 2, "change_message": "[{\"changed\": {\"fields\": [\"poster\"]}}]"}}, {"model": "admin.logentry", "pk": 69, "fields": {"action_time": "2019-05-08T22:58:45.435", "user": 1, "content_type": 10, "object_id": "17", "object_repr": "\u6e05\u534e\u5927\u5b66\u8ba1\u7b97\u673a\u7cfb \u7814\u53d1\u5b9e\u4e60\u751f", "action_flag": 2, "change_message": "[{\"changed\": {\"fields\": [\"poster\"]}}]"}}, {"model": "admin.logentry", "pk": 70, "fields": {"action_time": "2019-05-08T22:58:55.580", "user": 1, "content_type": 10, "object_id": "18", "object_repr": "\u8f6f\u4ef6\u5de5\u7a0b\u6b27\u9633\u8001\u5e08\u4e0b\u5348\u73ed", "action_flag": 2, "change_message": "[{\"changed\": {\"fields\": [\"poster\"]}}]"}}, {"model": "admin.logentry", "pk": 71, "fields": {"action_time": "2019-05-08T22:59:00.906", "user": 1, "content_type": 10, "object_id": "19", "object_repr": "\u5b57\u8282\u8df3\u52a8-\u6821\u56ed\u5927\u4f7f\u62db\u52df", "action_flag": 2, "change_message": "[{\"changed\": {\"fields\": [\"poster\"]}}]"}}, {"model": "admin.logentry", "pk": 72, "fields": {"action_time": "2019-05-08T22:59:06.595", "user": 1, "content_type": 10, "object_id": "20", "object_repr": "\u5546\u6c64\u7814\u7a76\u9662-\u57fa\u7840\u6280\u672f\u4e0e\u5de5\u5177\u7ec4", "action_flag": 2, "change_message": "[{\"changed\": {\"fields\": [\"poster\"]}}]"}}, {"model": "admin.logentry", "pk": 73, "fields": {"action_time": "2019-05-08T22:59:11.565", "user": 1, "content_type": 10, "object_id": "21", "object_repr": "\u767e\u5ea6\u667a\u80fd\u4e91\u6280\u672f\u4e00\u90e8\u62db\u52df\u516c\u6709\u4e91\u7814\u53d1\u5b9e\u4e60\u751f", "action_flag": 2, "change_message": "[{\"changed\": {\"fields\": [\"poster\"]}}]"}}, {"model": "admin.logentry", "pk": 74, "fields": {"action_time": "2019-05-08T22:59:16.807", "user": 1, "content_type": 10, "object_id": "22", "object_repr": "\u667a\u80fd\u4fe1\u606f\u5904\u7406\u7814\u7a76\u6240\u8001\u5e08\u5de2\u6587\u6db5", "action_flag": 2, "change_message": "[{\"changed\": {\"fields\": [\"poster\"]}}]"}}, {"model": "admin.logentry", "pk": 75, "fields": {"action_time": "2019-05-08T23:23:48.826", "user": 1, "content_type": 10, "object_id": "22", "object_repr": "\u667a\u80fd\u4fe1\u606f\u5904\u7406\u7814\u7a76\u6240\u8001\u5e08\u5de2\u6587\u6db5", "action_flag": 2, "change_message": "[{\"changed\": {\"fields\": [\"image\"]}}]"}}, {"model": "admin.logentry", "pk": 76, "fields": {"action_time": "2019-05-13T01:30:51.055", "user": 1, "content_type": 10, "object_id": "26", "object_repr": "test", "action_flag": 1, "change_message": "[{\"added\": {}}]"}}, {"model": "admin.logentry", "pk": 77, "fields": {"action_time": "2019-05-13T01:32:08.869", "user": 1, "content_type": 10, "object_id": "27", "object_repr": "ttttt", "action_flag": 1, "change_message": "[{\"added\": {}}]"}}, {"model": "admin.logentry", "pk": 78, "fields": {"action_time": "2019-05-13T01:32:37.231", "user": 1, "content_type": 10, "object_id": "26", "object_repr": "test", "action_flag": 3, "change_message": ""}}, {"model": "admin.logentry", "pk": 79, "fields": {"action_time": "2019-05-13T01:32:37.247", "user": 1, "content_type": 10, "object_id": "27", "object_repr": "ttttt", "action_flag": 3, "change_message": ""}}, {"model": "admin.logentry", "pk": 80, "fields": {"action_time": "2019-05-21T01:59:51.539", "user": 1, "content_type": 10, "object_id": "24", "object_repr": "\u53ef\u5c31\u591a\u4e86\u5f00\u653e\u5f0f\u57fa\u91d1", "action_flag": 2, "change_message": "[{\"changed\": {\"fields\": [\"poster\"]}}]"}}, {"model": "admin.logentry", "pk": 81, "fields": {"action_time": "2019-05-21T14:29:41.270", "user": 1, "content_type": 11, "object_id": "7", "object_repr": "(3,(37,92))", "action_flag": 1, "change_message": "[{\"added\": {}}]"}}, {"model": "admin.logentry", "pk": 82, "fields": {"action_time": "2019-05-21T14:30:50.554", "user": 1, "content_type": 11, "object_id": "7", "object_repr": "(3,37)", "action_flag": 2, "change_message": "[{\"changed\": {\"fields\": [\"label\"]}}]"}}, {"model": "admin.logentry", "pk": 83, "fields": {"action_time": "2019-05-21T14:31:45.348", "user": 1, "content_type": 11, "object_id": "7", "object_repr": "(3,37,94)", "action_flag": 2, "change_message": "[{\"changed\": {\"fields\": [\"label\"]}}]"}}, {"model": "admin.logentry", "pk": 84, "fields": {"action_time": "2019-05-21T14:34:30.996", "user": 1, "content_type": 11, "object_id": "7", "object_repr": "(3,37)", "action_flag": 2, "change_message": "[{\"changed\": {\"fields\": [\"label\"]}}]"}}, {"model": "admin.logentry", "pk": 85, "fields": {"action_time": "2019-05-21T14:35:28.911", "user": 1, "content_type": 11, "object_id": "8", "object_repr": "(3,94)", "action_flag": 1, "change_message": "[{\"added\": {}}]"}}, {"model": "admin.logentry", "pk": 86, "fields": {"action_time": "2019-05-21T14:36:01.735", "user": 1, "content_type": 11, "object_id": "9", "object_repr": "(4,37)", "action_flag": 1, "change_message": "[{\"added\": {}}]"}}, {"model": "admin.logentry", "pk": 87, "fields": {"action_time": "2019-05-21T14:36:07.165", "user": 1, "content_type": 11, "object_id": "10", "object_repr": "(4,96)", "action_flag": 1, "change_message": "[{\"added\": {}}]"}}, {"model": "admin.logentry", "pk": 88, "fields": {"action_time": "2019-05-21T14:36:31.463", "user": 1, "content_type": 11, "object_id": "11", "object_repr": "(5,37)", "action_flag": 1, "change_message": "[{\"added\": {}}]"}}, {"model": "admin.logentry", "pk": 89, "fields": {"action_time": "2019-05-21T14:36:43.640", "user": 1, "content_type": 11, "object_id": "12", "object_repr": "(5,92)", "action_flag": 1, "change_message": "[{\"added\": {}}]"}}, {"model": "admin.logentry", "pk": 90, "fields": {"action_time": "2019-05-21T14:37:13.393", "user": 1, "content_type": 11, "object_id": "13", "object_repr": "(6,37)", "action_flag": 1, "change_message": "[{\"added\": {}}]"}}, {"model": "admin.logentry", "pk": 91, "fields": {"action_time": "2019-05-21T14:37:59.037", "user": 1, "content_type": 11, "object_id": "8", "object_repr": "(3,92)", "action_flag": 2, "change_message": "[{\"changed\": {\"fields\": [\"label\"]}}]"}}, {"model": "admin.logentry", "pk": 92, "fields": {"action_time": "2019-05-21T14:39:02.721", "user": 1, "content_type": 11, "object_id": "14", "object_repr": "(6,92)", "action_flag": 1, "change_message": "[{\"added\": {}}]"}}, {"model": "admin.logentry", "pk": 93, "fields": {"action_time": "2019-05-21T14:39:10.493", "user": 1, "content_type": 11, "object_id": "15", "object_repr": "(7,37)", "action_flag": 1, "change_message": "[{\"added\": {}}]"}}, {"model": "admin.logentry", "pk": 94, "fields": {"action_time": "2019-05-21T14:39:16.076", "user": 1, "content_type": 11, "object_id": "16", "object_repr": "(7,92)", "action_flag": 1, "change_message": "[{\"added\": {}}]"}}, {"model": "admin.logentry", "pk": 95, "fields": {"action_time": "2019-05-21T14:39:38.004", "user": 1, "content_type": 11, "object_id": "17", "object_repr": "(8,37)", "action_flag": 1, "change_message": "[{\"added\": {}}]"}}, {"model": "admin.logentry", "pk": 96, "fields": {"action_time": "2019-05-21T14:40:33.420", "user": 1, "content_type": 11, "object_id": "18", "object_repr": "(8,95)", "action_flag": 1, "change_message": "[{\"added\": {}}]"}}, {"model": "admin.logentry", "pk": 97, "fields": {"action_time": "2019-05-21T14:40:39.992", "user": 1, "content_type": 11, "object_id": "19", "object_repr": "(9,37)", "action_flag": 1, "change_message": "[{\"added\": {}}]"}}, {"model": "admin.logentry", "pk": 98, "fields": {"action_time": "2019-05-21T14:40:44.569", "user": 1, "content_type": 11, "object_id": "20", "object_repr": "(9,92)", "action_flag": 1, "change_message": "[{\"added\": {}}]"}}, {"model": "admin.logentry", "pk": 99, "fields": {"action_time": "2019-05-21T14:42:30.507", "user": 1, "content_type": 11, "object_id": "21", "object_repr": "(5,17)", "action_flag": 1, "change_message": "[{\"added\": {}}]"}}, {"model": "admin.logentry", "pk": 100, "fields": {"action_time": "2019-05-21T14:44:10.025", "user": 1, "content_type": 11, "object_id": "22", "object_repr": "(10,35)", "action_flag": 1, "change_message": "[{\"added\": {}}]"}}, {"model": "admin.logentry", "pk": 101, "fields": {"action_time": "2019-05-21T14:44:25.106", "user": 1, "content_type": 11, "object_id": "23", "object_repr": "(11,37)", "action_flag": 1, "change_message": "[{\"added\": {}}]"}}, {"model": "admin.logentry", "pk": 102, "fields": {"action_time": "2019-05-21T14:44:30.576", "user": 1, "content_type": 11, "object_id": "24", "object_repr": "(11,92)", "action_flag": 1, "change_message": "[{\"added\": {}}]"}}, {"model": "admin.logentry", "pk": 103, "fields": {"action_time": "2019-05-21T14:45:01.542", "user": 1, "content_type": 11, "object_id": "25", "object_repr": "(12,37)", "action_flag": 1, "change_message": "[{\"added\": {}}]"}}, {"model": "admin.logentry", "pk": 104, "fields": {"action_time": "2019-05-21T14:45:13.399", "user": 1, "content_type": 11, "object_id": "26", "object_repr": "(12,94)", "action_flag": 1, "change_message": "[{\"added\": {}}]"}}, {"model": "admin.logentry", "pk": 105, "fields": {"action_time": "2019-05-21T14:45:31.337", "user": 1, "content_type": 11, "object_id": "27", "object_repr": "(13,37)", "action_flag": 1, "change_message": "[{\"added\": {}}]"}}, {"model": "admin.logentry", "pk": 106, "fields": {"action_time": "2019-05-21T14:46:12.401", "user": 1, "content_type": 11, "object_id": "28", "object_repr": "(13,96)", "action_flag": 1, "change_message": "[{\"added\": {}}]"}}, {"model": "admin.logentry", "pk": 107, "fields": {"action_time": "2019-05-21T14:46:35.976", "user": 1, "content_type": 11, "object_id": "29", "object_repr": "(14,37)", "action_flag": 1, "change_message": "[{\"added\": {}}]"}}, {"model": "admin.logentry", "pk": 108, "fields": {"action_time": "2019-05-21T14:46:42.685", "user": 1, "content_type": 11, "object_id": "30", "object_repr": "(14,92)", "action_flag": 1, "change_message": "[{\"added\": {}}]"}}, {"model": "admin.logentry", "pk": 109, "fields": {"action_time": "2019-05-21T14:46:54.162", "user": 1, "content_type": 11, "object_id": "31", "object_repr": "(15,37)", "action_flag": 1, "change_message": "[{\"added\": {}}]"}}, {"model": "admin.logentry", "pk": 110, "fields": {"action_time": "2019-05-21T14:47:13.307", "user": 1, "content_type": 11, "object_id": "32", "object_repr": "(15,96)", "action_flag": 1, "change_message": "[{\"added\": {}}]"}}, {"model": "admin.logentry", "pk": 111, "fields": {"action_time": "2019-05-21T14:47:36.912", "user": 1, "content_type": 11, "object_id": "33", "object_repr": "(16,37)", "action_flag": 1, "change_message": "[{\"added\": {}}]"}}, {"model": "admin.logentry", "pk": 112, "fields": {"action_time": "2019-05-21T14:47:47.619", "user": 1, "content_type": 11, "object_id": "34", "object_repr": "(16,92)", "action_flag": 1, "change_message": "[{\"added\": {}}]"}}, {"model": "admin.logentry", "pk": 113, "fields": {"action_time": "2019-05-21T14:47:55.258", "user": 1, "content_type": 11, "object_id": "35", "object_repr": "(17,37)", "action_flag": 1, "change_message": "[{\"added\": {}}]"}}, {"model": "admin.logentry", "pk": 114, "fields": {"action_time": "2019-05-21T14:48:27.468", "user": 1, "content_type": 11, "object_id": "36", "object_repr": "(17,93)", "action_flag": 1, "change_message": "[{\"added\": {}}]"}}, {"model": "admin.logentry", "pk": 115, "fields": {"action_time": "2019-05-21T14:48:35.054", "user": 1, "content_type": 11, "object_id": "37", "object_repr": "(18,37)", "action_flag": 1, "change_message": "[{\"added\": {}}]"}}, {"model": "admin.logentry", "pk": 116, "fields": {"action_time": "2019-05-21T14:48:50.589", "user": 1, "content_type": 11, "object_id": "38", "object_repr": "(18,95)", "action_flag": 1, "change_message": "[{\"added\": {}}]"}}, {"model": "admin.logentry", "pk": 117, "fields": {"action_time": "2019-05-21T14:49:36.741", "user": 1, "content_type": 11, "object_id": "39", "object_repr": "(19,37)", "action_flag": 1, "change_message": "[{\"added\": {}}]"}}, {"model": "admin.logentry", "pk": 118, "fields": {"action_time": "2019-05-21T14:49:42.530", "user": 1, "content_type": 11, "object_id": "40", "object_repr": "(19,92)", "action_flag": 1, "change_message": "[{\"added\": {}}]"}}, {"model": "admin.logentry", "pk": 119, "fields": {"action_time": "2019-05-21T14:49:57.098", "user": 1, "content_type": 11, "object_id": "41", "object_repr": "(20,37)", "action_flag": 1, "change_message": "[{\"added\": {}}]"}}, {"model": "admin.logentry", "pk": 120, "fields": {"action_time": "2019-05-21T14:50:25.950", "user": 1, "content_type": 11, "object_id": "42", "object_repr": "(20,17)", "action_flag": 1, "change_message": "[{\"added\": {}}]"}}, {"model": "admin.logentry", "pk": 121, "fields": {"action_time": "2019-05-21T14:50:37.869", "user": 1, "content_type": 11, "object_id": "43", "object_repr": "(20,35)", "action_flag": 1, "change_message": "[{\"added\": {}}]"}}, {"model": "admin.logentry", "pk": 122, "fields": {"action_time": "2019-05-21T14:51:20.797", "user": 1, "content_type": 11, "object_id": "44", "object_repr": "(20,92)", "action_flag": 1, "change_message": "[{\"added\": {}}]"}}, {"model": "admin.logentry", "pk": 123, "fields": {"action_time": "2019-05-21T14:51:37.863", "user": 1, "content_type": 11, "object_id": "45", "object_repr": "(21,37)", "action_flag": 1, "change_message": "[{\"added\": {}}]"}}, {"model": "admin.logentry", "pk": 124, "fields": {"action_time": "2019-05-21T14:51:43.234", "user": 1, "content_type": 11, "object_id": "46", "object_repr": "(21,92)", "action_flag": 1, "change_message": "[{\"added\": {}}]"}}, {"model": "admin.logentry", "pk": 125, "fields": {"action_time": "2019-05-21T14:51:55.630", "user": 1, "content_type": 11, "object_id": "47", "object_repr": "(22,37)", "action_flag": 1, "change_message": "[{\"added\": {}}]"}}, {"model": "admin.logentry", "pk": 126, "fields": {"action_time": "2019-05-21T14:52:12.255", "user": 1, "content_type": 11, "object_id": "48", "object_repr": "(22,35)", "action_flag": 1, "change_message": "[{\"added\": {}}]"}}, {"model": "admin.logentry", "pk": 127, "fields": {"action_time": "2019-05-21T14:52:27.553", "user": 1, "content_type": 11, "object_id": "49", "object_repr": "(22,93)", "action_flag": 1, "change_message": "[{\"added\": {}}]"}}, {"model": "admin.logentry", "pk": 128, "fields": {"action_time": "2019-05-22T21:54:14.268", "user": 1, "content_type": 10, "object_id": "3", "object_repr": "\u5546\u6c64\u79d1\u6280\u7814\u7a76\u9662\uff08\u5317\u4eac\uff09\u62db\u5b9e\u4e60\u751f", "action_flag": 2, "change_message": "[{\"changed\": {\"fields\": [\"image\"]}}]"}}, {"model": "admin.logentry", "pk": 129, "fields": {"action_time": "2019-05-22T21:54:22.062", "user": 1, "content_type": 10, "object_id": "3", "object_repr": "\u5546\u6c64\u79d1\u6280\u7814\u7a76\u9662\uff08\u5317\u4eac\uff09\u62db\u5b9e\u4e60\u751f", "action_flag": 2, "change_message": "[{\"changed\": {\"fields\": [\"image\"]}}]"}}, {"model": "admin.logentry", "pk": 130, "fields": {"action_time": "2019-05-22T21:54:27.312", "user": 1, "content_type": 10, "object_id": "3", "object_repr": "\u5546\u6c64\u79d1\u6280\u7814\u7a76\u9662\uff08\u5317\u4eac\uff09\u62db\u5b9e\u4e60\u751f", "action_flag": 2, "change_message": "[]"}}, {"model": "admin.logentry", "pk": 131, "fields": {"action_time": "2019-05-22T21:54:41.990", "user": 1, "content_type": 10, "object_id": "4", "object_repr": "\u590d\u73b0\u6df1\u5ea6\u5b66\u4e60\u76f8\u5173\u8bba\u6587", "action_flag": 2, "change_message": "[{\"changed\": {\"fields\": [\"image\"]}}]"}}, {"model": "admin.logentry", "pk": 132, "fields": {"action_time": "2019-05-22T21:54:51.281", "user": 1, "content_type": 10, "object_id": "5", "object_repr": "\u6ef4\u6ef4\u51fa\u884c\u5b9e\u4e60\u751f\u62db\u8058", "action_flag": 2, "change_message": "[{\"changed\": {\"fields\": [\"image\"]}}]"}}, {"model": "admin.logentry", "pk": 133, "fields": {"action_time": "2019-05-22T21:55:01.946", "user": 1, "content_type": 10, "object_id": "6", "object_repr": "\u5feb\u624b", "action_flag": 2, "change_message": "[{\"changed\": {\"fields\": [\"image\"]}}]"}}, {"model": "admin.logentry", "pk": 134, "fields": {"action_time": "2019-05-22T21:55:11.644", "user": 1, "content_type": 10, "object_id": "7", "object_repr": "\u5317\u4eac\u6728\u74dc\u79fb\u52a8\u62db\u8058Android\u5f00\u53d1\u5b9e\u4e60\u751f", "action_flag": 2, "change_message": "[{\"changed\": {\"fields\": [\"image\"]}}]"}}, {"model": "admin.logentry", "pk": 135, "fields": {"action_time": "2019-05-22T21:55:18.831", "user": 1, "content_type": 10, "object_id": "8", "object_repr": "\u5b89\u6c38\u6691\u671f\u9886\u5bfc\u529b\u8bad\u7ec3\u8425", "action_flag": 2, "change_message": "[{\"changed\": {\"fields\": [\"image\"]}}]"}}, {"model": "admin.logentry", "pk": 136, "fields": {"action_time": "2019-05-22T21:55:34.181", "user": 1, "content_type": 10, "object_id": "9", "object_repr": "\u963f\u91cc\u5df4\u5df4\u641c\u7d22\u4e0e\u63a8\u8350\u4e8b\u4e1a\u90e8", "action_flag": 2, "change_message": "[{\"changed\": {\"fields\": [\"image\"]}}]"}}, {"model": "admin.logentry", "pk": 137, "fields": {"action_time": "2019-05-22T21:55:40.857", "user": 1, "content_type": 10, "object_id": "10", "object_repr": "\u597d\u672a\u6765", "action_flag": 2, "change_message": "[{\"changed\": {\"fields\": [\"image\"]}}]"}}, {"model": "admin.logentry", "pk": 138, "fields": {"action_time": "2019-05-22T21:55:55.711", "user": 1, "content_type": 10, "object_id": "12", "object_repr": "\u6311\u6218\u676f\uff08\u53ef\u4ee5\u5305\u62ec\u51af\u5982\u676f\uff09", "action_flag": 2, "change_message": "[{\"changed\": {\"fields\": [\"image\"]}}]"}}, {"model": "admin.logentry", "pk": 139, "fields": {"action_time": "2019-05-22T21:56:14.889", "user": 1, "content_type": 10, "object_id": "13", "object_repr": "17\u7ea7\u5317\u4eac\u5b66\u9662\u62db\u6536OS\u52a9\u6559", "action_flag": 2, "change_message": "[{\"changed\": {\"fields\": [\"image\"]}}]"}}, {"model": "admin.logentry", "pk": 140, "fields": {"action_time": "2019-05-22T21:56:22.087", "user": 1, "content_type": 10, "object_id": "14", "object_repr": "\u5bbd\u51f3\u79d1\u62802019\u6625\u5b63\u6821\u56ed\u62db\u8058", "action_flag": 2, "change_message": "[{\"changed\": {\"fields\": [\"image\"]}}]"}}, {"model": "admin.logentry", "pk": 141, "fields": {"action_time": "2019-05-22T21:56:30.539", "user": 1, "content_type": 10, "object_id": "15", "object_repr": "ios\u5f00\u53d1", "action_flag": 2, "change_message": "[{\"changed\": {\"fields\": [\"image\"]}}]"}}, {"model": "admin.logentry", "pk": 142, "fields": {"action_time": "2019-05-22T21:56:41.436", "user": 1, "content_type": 10, "object_id": "16", "object_repr": "\u5fae\u8f6f\u4e9a\u6d32\u7814\u7a76\u9662\u5b9e\u4e60\u751f\u62db\u8058", "action_flag": 2, "change_message": "[{\"changed\": {\"fields\": [\"image\"]}}]"}}, {"model": "admin.logentry", "pk": 143, "fields": {"action_time": "2019-05-22T21:56:55.882", "user": 1, "content_type": 10, "object_id": "17", "object_repr": "\u6e05\u534e\u5927\u5b66\u8ba1\u7b97\u673a\u7cfb \u7814\u53d1\u5b9e\u4e60\u751f", "action_flag": 2, "change_message": "[{\"changed\": {\"fields\": [\"image\"]}}]"}}, {"model": "admin.logentry", "pk": 144, "fields": {"action_time": "2019-05-22T21:57:09.763", "user": 1, "content_type": 10, "object_id": "18", "object_repr": "\u8f6f\u4ef6\u5de5\u7a0b\u6b27\u9633\u8001\u5e08\u4e0b\u5348\u73ed", "action_flag": 2, "change_message": "[{\"changed\": {\"fields\": [\"image\"]}}]"}}, {"model": "admin.logentry", "pk": 145, "fields": {"action_time": "2019-05-22T21:57:23.270", "user": 1, "content_type": 10, "object_id": "19", "object_repr": "\u5b57\u8282\u8df3\u52a8-\u6821\u56ed\u5927\u4f7f\u62db\u52df", "action_flag": 2, "change_message": "[{\"changed\": {\"fields\": [\"image\"]}}]"}}, {"model": "admin.logentry", "pk": 146, "fields": {"action_time": "2019-05-22T21:57:35.007", "user": 1, "content_type": 10, "object_id": "21", "object_repr": "\u767e\u5ea6\u667a\u80fd\u4e91\u6280\u672f\u4e00\u90e8\u62db\u52df\u516c\u6709\u4e91\u7814\u53d1\u5b9e\u4e60\u751f", "action_flag": 2, "change_message": "[{\"changed\": {\"fields\": [\"image\"]}}]"}}, {"model": "admin.logentry", "pk": 147, "fields": {"action_time": "2019-05-22T21:57:46.418", "user": 1, "content_type": 10, "object_id": "20", "object_repr": "\u5546\u6c64\u7814\u7a76\u9662-\u57fa\u7840\u6280\u672f\u4e0e\u5de5\u5177\u7ec4", "action_flag": 2, "change_message": "[{\"changed\": {\"fields\": [\"image\"]}}]"}}, {"model": "admin.logentry", "pk": 148, "fields": {"action_time": "2019-05-22T21:58:00.645", "user": 1, "content_type": 10, "object_id": "22", "object_repr": "\u667a\u80fd\u4fe1\u606f\u5904\u7406\u7814\u7a76\u6240\u8001\u5e08\u5de2\u6587\u6db5", "action_flag": 2, "change_message": "[{\"changed\": {\"fields\": [\"image\"]}}]"}}, {"model": "admin.logentry", "pk": 149, "fields": {"action_time": "2019-05-23T08:23:03.074", "user": 1, "content_type": 10, "object_id": "1", "object_repr": "11111", "action_flag": 3, "change_message": ""}}, {"model": "admin.logentry", "pk": 150, "fields": {"action_time": "2019-05-23T08:23:07.694", "user": 1, "content_type": 10, "object_id": "2", "object_repr": "text1", "action_flag": 3, "change_message": ""}}, {"model": "admin.logentry", "pk": 151, "fields": {"action_time": "2019-05-23T08:23:18.046", "user": 1, "content_type": 10, "object_id": "23", "object_repr": "oiciod", "action_flag": 3, "change_message": ""}}, {"model": "admin.logentry", "pk": 152, "fields": {"action_time": "2019-05-23T08:23:56.988", "user": 1, "content_type": 10, "object_id": "39", "object_repr": "\u9a71\u868a\u5668\u4e8c\u65e0\u7fa4", "action_flag": 1, "change_message": "[{\"added\": {}}]"}}, {"model": "admin.logentry", "pk": 153, "fields": {"action_time": "2019-05-23T08:25:42.778", "user": 1, "content_type": 8, "object_id": "3", "object_repr": "admin999", "action_flag": 2, "change_message": "[]"}}, {"model": "admin.logentry", "pk": 154, "fields": {"action_time": "2019-05-23T08:25:57.372", "user": 1, "content_type": 8, "object_id": "7", "object_repr": "admin111", "action_flag": 1, "change_message": "[{\"added\": {}}]"}}, {"model": "admin.logentry", "pk": 155, "fields": {"action_time": "2019-05-23T08:32:28.488", "user": 1, "content_type": 10, "object_id": "39", "object_repr": "\u9a71\u868a\u5668\u4e8c\u65e0\u7fa4", "action_flag": 2, "change_message": "[{\"changed\": {\"fields\": [\"poster\"]}}]"}}]